time,meter_reading
2016-10-19 18:00:00,141.08857993604067
2016-10-19 19:00:00,130.17444795689818
2016-10-19 20:00:00,77.7900575490767
2016-10-19 21:00:00,69.82309661600662
2016-10-19 22:00:00,66.48876145792681
2016-10-19 23:00:00,63.19680417506926
2016-10-20 00:00:00,68.62406283308087
2016-10-20 01:00:00,66.25332487632397
2016-10-20 02:00:00,58.31355752398087
2016-10-20 03:00:00,70.1794868537335
2016-10-20 04:00:00,111.54086340691318
2016-10-20 05:00:00,119.2516555287595
2016-10-20 06:00:00,119.48868035162177
2016-10-20 07:00:00,136.12419497371948
2016-10-20 08:00:00,143.87297719179622
2016-10-20 09:00:00,151.11764371129942
2016-10-20 10:00:00,144.42243491433575
2016-10-20 11:00:00,150.6519412077394
2016-10-20 12:00:00,154.93394843820025
2016-10-20 13:00:00,151.76936366621183
2016-10-20 14:00:00,154.8440728369329
2016-10-20 15:00:00,153.30174368213082
2016-10-20 16:00:00,151.88205888271688
2016-10-20 17:00:00,140.80173428923672
2016-10-20 18:00:00,146.04898914025546
2016-10-20 19:00:00,134.96983553213965
2016-10-20 20:00:00,79.88256368545238
2016-10-20 21:00:00,72.77654161748248
2016-10-20 22:00:00,79.65136527828805
2016-10-20 23:00:00,85.97355908917417
2016-10-21 00:00:00,89.93645076728757
2016-10-21 01:00:00,86.37366737039079
2016-10-21 02:00:00,83.5644357765612
2016-10-21 03:00:00,96.30714459413403
2016-10-21 04:00:00,126.906138966096
2016-10-21 05:00:00,129.71187088836413
2016-10-21 06:00:00,135.99130417980416
2016-10-21 07:00:00,146.3353889662006
2016-10-21 08:00:00,150.58439350145636
2016-10-21 09:00:00,156.42807711199552
2016-10-21 10:00:00,149.93676434509044
2016-10-21 11:00:00,152.63336073664235
2016-10-21 12:00:00,159.59973035513676
2016-10-21 13:00:00,149.31787799376957
2016-10-21 14:00:00,148.61480328447038
2016-10-21 15:00:00,151.17593556830604
2016-10-21 16:00:00,137.70318071138342
2016-10-21 17:00:00,130.5704719804393
2016-10-21 18:00:00,138.53430148600367
2016-10-21 19:00:00,117.48150290575975
2016-10-21 20:00:00,79.99958800793989
2016-10-21 21:00:00,74.57117175274333
2016-10-21 22:00:00,75.29447057406927
2016-10-21 23:00:00,74.38063081522434
2016-10-22 00:00:00,73.24320818949842
2016-10-22 01:00:00,75.55944445441664
2016-10-22 02:00:00,78.35685444119272
2016-10-22 03:00:00,88.5740810125986
2016-10-22 04:00:00,109.39951020724804
2016-10-22 05:00:00,104.18934741885607
2016-10-22 06:00:00,101.09173456898611
2016-10-22 07:00:00,110.12559065655259
2016-10-22 08:00:00,114.33841271985469
2016-10-22 09:00:00,117.71424975884392
2016-10-22 10:00:00,115.71604125234951
2016-10-22 11:00:00,118.06427452127028
2016-10-22 12:00:00,121.39401284233378
2016-10-22 13:00:00,120.66656334624618
2016-10-22 14:00:00,125.34231333036816
2016-10-22 15:00:00,129.54605514494867
2016-10-22 16:00:00,119.1980785140941
2016-10-22 17:00:00,116.78817859088062
2016-10-22 18:00:00,113.34333160677653
2016-10-22 19:00:00,98.64669275606092
2016-10-22 20:00:00,77.41480492979672
2016-10-22 21:00:00,73.20608712732451
2016-10-22 22:00:00,76.19882727398435
2016-10-22 23:00:00,77.61809743278492
2016-10-23 00:00:00,82.67525446628892
2016-10-23 01:00:00,76.75723341992517
2016-10-23 02:00:00,74.70392584512639
2016-10-23 03:00:00,74.76831929377263
2016-10-23 04:00:00,80.15627718902883
2016-10-23 05:00:00,83.7064323891756
2016-10-23 06:00:00,85.25778453970024
2016-10-23 07:00:00,105.01538381993781
2016-10-23 08:00:00,98.58311792985614
2016-10-23 09:00:00,90.48064246778502
2016-10-23 10:00:00,88.66062619401893
2016-10-23 11:00:00,85.32558058872657
2016-10-23 12:00:00,85.44788296905269
2016-10-23 13:00:00,79.94688091221084
2016-10-23 14:00:00,77.787189930117
2016-10-23 15:00:00,74.85971132239932
2016-10-23 16:00:00,60.53165428390275
2016-10-23 17:00:00,59.72179617445791
2016-10-23 18:00:00,67.21317187926331
2016-10-23 19:00:00,74.69941802338325
2016-10-23 20:00:00,55.93904992809823
2016-10-23 21:00:00,61.28755402858636
2016-10-23 22:00:00,68.68113236524236
2016-10-23 23:00:00,69.13940053781195
2016-10-24 00:00:00,66.7555302640376
2016-10-24 01:00:00,68.12656681939117
2016-10-24 02:00:00,57.10757760817331
2016-10-24 03:00:00,58.26050953615237
2016-10-24 04:00:00,85.2968366241476
2016-10-24 05:00:00,100.95146482161752
2016-10-24 06:00:00,100.10271470691556
2016-10-24 07:00:00,115.21876190671458
2016-10-24 08:00:00,113.3875553823005
2016-10-24 09:00:00,119.34939744748186
2016-10-24 10:00:00,118.256489573748
2016-10-24 11:00:00,129.8334326629361
2016-10-24 12:00:00,138.54656400365343
2016-10-24 13:00:00,132.311436879776
2016-10-24 14:00:00,132.23630848545932
2016-10-24 15:00:00,124.47137879311903
2016-10-24 16:00:00,119.981046764741
2016-10-24 17:00:00,116.74184447491301
2016-10-24 18:00:00,113.41970882681575
2016-10-24 19:00:00,115.03605897983057
2016-10-24 20:00:00,67.61331178793148
2016-10-24 21:00:00,65.37258132141972
2016-10-24 22:00:00,67.01299735891041
2016-10-24 23:00:00,65.6977717747591
2016-10-25 00:00:00,67.75757919026128
2016-10-25 01:00:00,67.31200696842393
2016-10-25 02:00:00,65.96072766434067
2016-10-25 03:00:00,73.15782873460671
2016-10-25 04:00:00,115.02582144476027
2016-10-25 05:00:00,123.51318139029347
2016-10-25 06:00:00,121.04713002728103
2016-10-25 07:00:00,131.65979593023332
2016-10-25 08:00:00,140.76893797378898
2016-10-25 09:00:00,142.9851376486857
2016-10-25 10:00:00,143.84936414522815
2016-10-25 11:00:00,144.67465923481015
2016-10-25 12:00:00,149.4450161220661
2016-10-25 13:00:00,147.64701553153938
2016-10-25 14:00:00,145.79170486010494
2016-10-25 15:00:00,143.32678479104
2016-10-25 16:00:00,150.71639654530514
2016-10-25 17:00:00,141.19350674117655
2016-10-25 18:00:00,132.4220926357442
2016-10-25 19:00:00,124.31037276180666
2016-10-25 20:00:00,81.53474760134453
2016-10-25 21:00:00,71.44861350612602
2016-10-25 22:00:00,68.49885639517446
2016-10-25 23:00:00,74.30096648422915
2016-10-26 00:00:00,84.54757154661836
2016-10-26 01:00:00,80.24217938709063
2016-10-26 02:00:00,73.76315020187967
2016-10-26 03:00:00,72.74393220822232
2016-10-26 04:00:00,115.37150610211908
2016-10-26 05:00:00,126.9518115763169
2016-10-26 06:00:00,122.64348031036407
2016-10-26 07:00:00,136.0941035686309
2016-10-26 08:00:00,140.72582749473722
2016-10-26 09:00:00,143.262081497891
2016-10-26 10:00:00,139.76500622101764
2016-10-26 11:00:00,140.93153351438337
2016-10-26 12:00:00,147.5807806699842
2016-10-26 13:00:00,142.38860069827916
2016-10-26 14:00:00,142.62756576697493
2016-10-26 15:00:00,148.09529391680138
2016-10-26 16:00:00,146.30310902584404
2016-10-26 17:00:00,138.24581240763018
2016-10-26 18:00:00,140.3318552360257
2016-10-26 19:00:00,130.49144919313073
2016-10-26 20:00:00,90.87362424212552
2016-10-26 21:00:00,75.07783567100238
2016-10-26 22:00:00,74.34347152928703
2016-10-26 23:00:00,73.08356247314191
2016-10-27 00:00:00,74.63119905012698
2016-10-27 01:00:00,69.91096917806321
2016-10-27 02:00:00,65.67927967550482
2016-10-27 03:00:00,78.58855453692732
2016-10-27 04:00:00,114.16017307310395
2016-10-27 05:00:00,119.12201536345613
2016-10-27 06:00:00,117.79678989820675
2016-10-27 07:00:00,124.9078432130466
2016-10-27 08:00:00,133.05698488461843
2016-10-27 09:00:00,135.54253396311555
2016-10-27 10:00:00,130.73404258344115
2016-10-27 11:00:00,131.92532387685586
2016-10-27 12:00:00,135.50709932969983
2016-10-27 13:00:00,129.08975065511567
2016-10-27 14:00:00,128.34389335879766
2016-10-27 15:00:00,131.76301911103252
2016-10-27 16:00:00,129.67740867098993
2016-10-27 17:00:00,120.7007594397679
2016-10-27 18:00:00,125.69064354417267
2016-10-27 19:00:00,121.134064549214
2016-10-27 20:00:00,78.79047148091934
2016-10-27 21:00:00,69.77653874930901
2016-10-27 22:00:00,71.65941014601202
2016-10-27 23:00:00,71.12659194060008
2016-10-28 00:00:00,73.93273376741364
2016-10-28 01:00:00,73.66468990240877
2016-10-28 02:00:00,70.73059657866783
2016-10-28 03:00:00,78.65079422674187
2016-10-28 04:00:00,108.4745780422395
2016-10-28 05:00:00,115.7266523799875
2016-10-28 06:00:00,115.70770012660292
2016-10-28 07:00:00,123.34700227559999
2016-10-28 08:00:00,134.1969506833039
2016-10-28 09:00:00,140.72279153560916
2016-10-28 10:00:00,136.71296842157975
2016-10-28 11:00:00,139.28844616048346
2016-10-28 12:00:00,144.2940582431706
2016-10-28 13:00:00,138.7885659144527
2016-10-28 14:00:00,140.3032740253189
2016-10-28 15:00:00,139.595761817725
2016-10-28 16:00:00,133.62859849620054
2016-10-28 17:00:00,126.76342954715403
2016-10-28 18:00:00,129.04849021879616
2016-10-28 19:00:00,112.59775264115437
2016-10-28 20:00:00,77.12179156896828
2016-10-28 21:00:00,70.18087905911639
2016-10-28 22:00:00,70.70369515717009
2016-10-28 23:00:00,69.818134262493
2016-10-29 00:00:00,72.52928674743353
2016-10-29 01:00:00,74.28042444098091
2016-10-29 02:00:00,74.94890567156641
2016-10-29 03:00:00,86.59495145280914
2016-10-29 04:00:00,108.50593447805906
2016-10-29 05:00:00,108.99638145285607
2016-10-29 06:00:00,106.78553961449799
2016-10-29 07:00:00,111.60674431685699
2016-10-29 08:00:00,115.47150099255056
2016-10-29 09:00:00,119.44092180034671
2016-10-29 10:00:00,120.061350781677
2016-10-29 11:00:00,120.87496135508928
2016-10-29 12:00:00,124.67903603550388
2016-10-29 13:00:00,125.89216792445846
2016-10-29 14:00:00,124.09273585229113
2016-10-29 15:00:00,125.29769499840594
2016-10-29 16:00:00,119.41839151914212
2016-10-29 17:00:00,117.92428135343346
2016-10-29 18:00:00,114.85972756344897
2016-10-29 19:00:00,103.47351705426125
2016-10-29 20:00:00,82.36139980916043
2016-10-29 21:00:00,71.39306005211428
2016-10-29 22:00:00,68.45487498648157
2016-10-29 23:00:00,71.51216084792817
2016-10-30 00:00:00,72.65701152518616
2016-10-30 01:00:00,72.64845755960656
2016-10-30 02:00:00,69.29587516067342
2016-10-30 03:00:00,62.832665577009706
2016-10-30 04:00:00,69.01932901631989
2016-10-30 05:00:00,69.32928224719355
2016-10-30 06:00:00,70.73362253300984
2016-10-30 07:00:00,81.06944893706778
2016-10-30 08:00:00,74.16127582816777
2016-10-30 09:00:00,72.51730198214258
2016-10-30 10:00:00,70.78452490332589
2016-10-30 11:00:00,69.57514665986322
2016-10-30 12:00:00,70.31758537499094
2016-10-30 13:00:00,68.5703531777235
2016-10-30 14:00:00,69.96064520440227
2016-10-30 15:00:00,62.99198938047107
2016-10-30 16:00:00,48.5412595268598
2016-10-30 17:00:00,49.076914079349336
2016-10-30 18:00:00,56.04064551456249
2016-10-30 19:00:00,65.33312962347507
2016-10-30 20:00:00,56.51860545103631
2016-10-30 21:00:00,63.50589171709871
2016-10-30 22:00:00,65.13593634007614
2016-10-30 23:00:00,66.84105838459388
2016-10-31 00:00:00,63.057611989962695
2016-10-31 01:00:00,57.758849934786845
2016-10-31 02:00:00,50.21043629866001
2016-10-31 03:00:00,49.35338942093294
2016-10-31 04:00:00,66.85032180192982
2016-10-31 05:00:00,83.56135831400209
2016-10-31 06:00:00,90.01567547080158
2016-10-31 07:00:00,104.35708361658254
2016-10-31 08:00:00,111.64331152859522
2016-10-31 09:00:00,119.5193817888393
2016-10-31 10:00:00,116.01297236161236
2016-10-31 11:00:00,119.34209570375451
2016-10-31 12:00:00,128.9245712762548
2016-10-31 13:00:00,127.8415803873548
2016-10-31 14:00:00,122.6325663414537
2016-10-31 15:00:00,120.52740965724355
2016-10-31 16:00:00,115.68547318812102
2016-10-31 17:00:00,111.52490379511201
2016-10-31 18:00:00,113.24975993641044
2016-10-31 19:00:00,102.98380146290783
2016-10-31 20:00:00,73.90464916243025
2016-10-31 21:00:00,62.794564737731946
2016-10-31 22:00:00,60.66307525989611
2016-10-31 23:00:00,53.82798420125098
2016-11-01 00:00:00,44.551459286552856
2016-11-01 01:00:00,51.88184683924346
2016-11-01 02:00:00,53.81942554221174
2016-11-01 03:00:00,58.4255964294906
2016-11-01 04:00:00,95.43262686521544
2016-11-01 05:00:00,106.07911197526914
2016-11-01 06:00:00,101.07853437664271
2016-11-01 07:00:00,113.74509763199273
2016-11-01 08:00:00,130.8180846955138
2016-11-01 09:00:00,131.8545706133657
2016-11-01 10:00:00,129.4886375175856
2016-11-01 11:00:00,130.84376245944594
2016-11-01 12:00:00,138.15134852257236
2016-11-01 13:00:00,132.7949928263084
2016-11-01 14:00:00,130.42240991943774
2016-11-01 15:00:00,134.98224503410012
2016-11-01 16:00:00,136.83016431748942
2016-11-01 17:00:00,126.61503103305571
2016-11-01 18:00:00,126.91438959996296
2016-11-01 19:00:00,116.44528559880769
2016-11-01 20:00:00,81.68359307717593
2016-11-01 21:00:00,65.44015115406143
2016-11-01 22:00:00,59.90071030543321
2016-11-01 23:00:00,57.32183808876172
2016-11-02 00:00:00,57.464076710183
2016-11-02 01:00:00,61.345030574749806
2016-11-02 02:00:00,62.24478490942076
2016-11-02 03:00:00,73.39050690476553
2016-11-02 04:00:00,105.68492728376886
2016-11-02 05:00:00,115.81276254839366
2016-11-02 06:00:00,117.4198253407315
2016-11-02 07:00:00,127.05847908947916
2016-11-02 08:00:00,133.23558007693697
2016-11-02 09:00:00,137.10779544330697
2016-11-02 10:00:00,136.16077804998667
2016-11-02 11:00:00,138.7406888802873
2016-11-02 12:00:00,147.62646690881436
2016-11-02 13:00:00,144.498337817588
2016-11-02 14:00:00,145.5277133483133
2016-11-02 15:00:00,145.66001850249265
2016-11-02 16:00:00,142.1920933743963
2016-11-02 17:00:00,133.61316367159833
2016-11-02 18:00:00,132.76147020526452
2016-11-02 19:00:00,123.30578519974463
2016-11-02 20:00:00,88.78325635547844
2016-11-02 21:00:00,65.13498520429938
2016-11-02 22:00:00,60.090067064943966
2016-11-02 23:00:00,57.01678844224889
2016-11-03 00:00:00,55.87483426283994
2016-11-03 01:00:00,56.72365780126115
2016-11-03 02:00:00,54.220250758762944
2016-11-03 03:00:00,65.21822829478327
2016-11-03 04:00:00,101.6378870039318
2016-11-03 05:00:00,107.84790384158825
2016-11-03 06:00:00,105.01361117610575
2016-11-03 07:00:00,114.13903513883488
2016-11-03 08:00:00,128.30071593224727
2016-11-03 09:00:00,139.95858258794823
2016-11-03 10:00:00,139.42486114471748
2016-11-03 11:00:00,137.90928439591931
2016-11-03 12:00:00,138.91449740780322
2016-11-03 13:00:00,139.57304646633992
2016-11-03 14:00:00,141.83265818617068
2016-11-03 15:00:00,139.3533881294725
2016-11-03 16:00:00,136.56702117234167
2016-11-03 17:00:00,129.31596311298662
2016-11-03 18:00:00,130.57127354174486
2016-11-03 19:00:00,120.08499242974234
2016-11-03 20:00:00,92.14937109040955
2016-11-03 21:00:00,64.54407506541797
2016-11-03 22:00:00,60.553604749632264
2016-11-03 23:00:00,60.77006190454857
2016-11-04 00:00:00,61.89471677819915
2016-11-04 01:00:00,60.467623644928175
2016-11-04 02:00:00,60.43862750372211
2016-11-04 03:00:00,66.220205823681
2016-11-04 04:00:00,93.72717290128061
2016-11-04 05:00:00,113.16381350714452
2016-11-04 06:00:00,121.36046753856387
2016-11-04 07:00:00,130.19255862063082
2016-11-04 08:00:00,137.82714442789168
2016-11-04 09:00:00,145.1319510185756
2016-11-04 10:00:00,144.37142896766707
2016-11-04 11:00:00,144.49028450296387
2016-11-04 12:00:00,146.95069622140386
2016-11-04 13:00:00,145.39061893670151
2016-11-04 14:00:00,143.93470240151362
2016-11-04 15:00:00,144.74381949696192
2016-11-04 16:00:00,137.3715307837126
2016-11-04 17:00:00,126.67314102328226
2016-11-04 18:00:00,128.05473162615093
2016-11-04 19:00:00,111.008375879001
2016-11-04 20:00:00,77.35562680276544
2016-11-04 21:00:00,65.43748121457166
2016-11-04 22:00:00,60.78810380818048
2016-11-04 23:00:00,57.623081061754434
2016-11-05 00:00:00,58.42096365669404
2016-11-05 01:00:00,56.69024501696651
2016-11-05 02:00:00,56.45111778701124
2016-11-05 03:00:00,67.4795144629445
2016-11-05 04:00:00,95.40993889780177
2016-11-05 05:00:00,104.57203714700687
2016-11-05 06:00:00,102.42275390804882
2016-11-05 07:00:00,105.48510040821382
2016-11-05 08:00:00,113.1276242972321
2016-11-05 09:00:00,115.19574819488412
2016-11-05 10:00:00,113.88841742703414
2016-11-05 11:00:00,113.92496883824883
2016-11-05 12:00:00,118.78149254641282
2016-11-05 13:00:00,122.32995862891353
2016-11-05 14:00:00,122.14046576484691
2016-11-05 15:00:00,120.09893395938337
2016-11-05 16:00:00,115.95749345103081
2016-11-05 17:00:00,113.84804416914174
2016-11-05 18:00:00,110.18319751803345
2016-11-05 19:00:00,100.17882522692332
2016-11-05 20:00:00,76.65356794459983
2016-11-05 21:00:00,59.27230881133473
2016-11-05 22:00:00,56.91674467148935
2016-11-05 23:00:00,60.37667539998244
2016-11-06 00:00:00,62.127654863324125
2016-11-06 01:00:00,50.10167942973422
2016-11-06 02:00:00,51.687611095675365
2016-11-06 03:00:00,51.69876677136003
2016-11-06 04:00:00,57.84189876697168
2016-11-06 05:00:00,63.94342365178497
2016-11-06 06:00:00,66.87763474285379
2016-11-06 07:00:00,79.23397578184044
2016-11-06 08:00:00,70.17269356900239
2016-11-06 09:00:00,59.29169945234958
2016-11-06 10:00:00,57.42319079294736
2016-11-06 11:00:00,57.717021985889616
2016-11-06 12:00:00,62.04214069010731
2016-11-06 13:00:00,60.434269815646665
2016-11-06 14:00:00,58.20570916004156
2016-11-06 15:00:00,48.0824260166493
2016-11-06 16:00:00,35.15623507705065
2016-11-06 17:00:00,30.488250281602287
2016-11-06 18:00:00,43.33072548713816
2016-11-06 19:00:00,48.92960370069677
2016-11-06 20:00:00,40.14939856639211
2016-11-06 21:00:00,42.720240473182926
2016-11-06 22:00:00,51.82601517735575
2016-11-06 23:00:00,53.204968759179025
2016-11-07 00:00:00,53.087940554372615
2016-11-07 01:00:00,52.71757824058861
2016-11-07 02:00:00,47.725241704908996
2016-11-07 03:00:00,50.59225202826622
2016-11-07 04:00:00,79.32002673097824
2016-11-07 05:00:00,100.6831206699783
2016-11-07 06:00:00,92.33272675898664
2016-11-07 07:00:00,113.59417888157216
2016-11-07 08:00:00,118.85814154221067
2016-11-07 09:00:00,120.70965746983188
2016-11-07 10:00:00,109.28411235553546
2016-11-07 11:00:00,106.04988399160233
2016-11-07 12:00:00,113.97461306955006
2016-11-07 13:00:00,112.86133780728984
2016-11-07 14:00:00,116.28935616139987
2016-11-07 15:00:00,113.92868236097631
2016-11-07 16:00:00,105.45021990581061
2016-11-07 17:00:00,102.00529656417088
2016-11-07 18:00:00,103.78936886914016
2016-11-07 19:00:00,99.78932618527783
2016-11-07 20:00:00,68.87565381049266
2016-11-07 21:00:00,61.831326025455105
2016-11-07 22:00:00,59.4696028110746
2016-11-07 23:00:00,54.80213786074779
2016-11-08 00:00:00,56.426280579352735
2016-11-08 01:00:00,54.34453171920759
2016-11-08 02:00:00,51.236384508559475
2016-11-08 03:00:00,57.92561538446702
2016-11-08 04:00:00,90.56923670186708
2016-11-08 05:00:00,100.52072529617962
2016-11-08 06:00:00,99.24060465429307
2016-11-08 07:00:00,108.50984638449557
2016-11-08 08:00:00,107.32714881189371
2016-11-08 09:00:00,110.55140075235218
2016-11-08 10:00:00,109.62818948244586
2016-11-08 11:00:00,111.25517972918648
2016-11-08 12:00:00,112.88683862985113
2016-11-08 13:00:00,120.24909012898112
2016-11-08 14:00:00,126.1107286142911
2016-11-08 15:00:00,125.29279974827928
2016-11-08 16:00:00,124.97298511299788
2016-11-08 17:00:00,122.3736481258265
2016-11-08 18:00:00,127.6256930962085
2016-11-08 19:00:00,118.18809764958358
2016-11-08 20:00:00,91.94335521404018
2016-11-08 21:00:00,81.26170842641528
2016-11-08 22:00:00,68.26519431950844
2016-11-08 23:00:00,60.496642593502244
2016-11-09 00:00:00,59.53883435058752
2016-11-09 01:00:00,57.29907612119777
2016-11-09 02:00:00,53.40701038496175
2016-11-09 03:00:00,56.33170126891955
2016-11-09 04:00:00,87.18079827204299
2016-11-09 05:00:00,96.59277928651828
2016-11-09 06:00:00,105.98379968255428
2016-11-09 07:00:00,122.58973883873567
2016-11-09 08:00:00,125.94441306873871
2016-11-09 09:00:00,131.22496767627993
2016-11-09 10:00:00,127.7470117485406
2016-11-09 11:00:00,120.77972422626438
2016-11-09 12:00:00,129.13902616604415
2016-11-09 13:00:00,124.4996741543784
2016-11-09 14:00:00,119.56133865344185
2016-11-09 15:00:00,121.00290478228688
2016-11-09 16:00:00,116.14832676160519
2016-11-09 17:00:00,108.1793346792355
2016-11-09 18:00:00,108.47922435608918
2016-11-09 19:00:00,103.14057634982356
2016-11-09 20:00:00,80.04246243896739
2016-11-09 21:00:00,61.03815836970252
2016-11-09 22:00:00,61.45091210367032
2016-11-09 23:00:00,54.06760243952457
2016-11-10 00:00:00,55.41398111685874
2016-11-10 01:00:00,53.670077926113535
2016-11-10 02:00:00,51.62078256423138
2016-11-10 03:00:00,55.9145086869775
2016-11-10 04:00:00,86.87584623492822
2016-11-10 05:00:00,92.69431723484556
2016-11-10 06:00:00,92.72858400331883
2016-11-10 07:00:00,101.47208378088436
2016-11-10 08:00:00,107.88561148108002
2016-11-10 09:00:00,111.95591564647451
2016-11-10 10:00:00,112.0386857838698
2016-11-10 11:00:00,111.75093885565639
2016-11-10 12:00:00,117.64532315791686
2016-11-10 13:00:00,112.33485816064018
2016-11-10 14:00:00,109.12726674334992
2016-11-10 15:00:00,120.41671238500567
2016-11-10 16:00:00,122.20639608842521
2016-11-10 17:00:00,119.48741156366734
2016-11-10 18:00:00,123.88070486515232
2016-11-10 19:00:00,117.7850863233228
2016-11-10 20:00:00,89.57076587247738
2016-11-10 21:00:00,78.4269880753377
2016-11-10 22:00:00,68.98464850720529
2016-11-10 23:00:00,63.84570832575525
2016-11-11 00:00:00,61.5283011937063
2016-11-11 01:00:00,60.822878080759445
2016-11-11 02:00:00,58.49918419105629
2016-11-11 03:00:00,56.57199886093735
2016-11-11 04:00:00,76.15992119621967
2016-11-11 05:00:00,87.53380983246504
2016-11-11 06:00:00,91.52079725134183
2016-11-11 07:00:00,99.73992538725993
2016-11-11 08:00:00,99.99774403977686
2016-11-11 09:00:00,102.34110930801772
2016-11-11 10:00:00,104.14524352550559
2016-11-11 11:00:00,104.84691837445122
2016-11-11 12:00:00,102.97688279107116
2016-11-11 13:00:00,100.26874270516531
2016-11-11 14:00:00,97.96590148150254
2016-11-11 15:00:00,98.14349810089958
2016-11-11 16:00:00,92.94866184653472
2016-11-11 17:00:00,86.58533001678053
2016-11-11 18:00:00,82.82582430938643
2016-11-11 19:00:00,78.00029961637848
2016-11-11 20:00:00,57.430967817146374
2016-11-11 21:00:00,52.623989481928255
2016-11-11 22:00:00,47.87488641591859
2016-11-11 23:00:00,52.551883430132776
2016-11-12 00:00:00,53.47739128837549
2016-11-12 01:00:00,54.24076130353109
2016-11-12 02:00:00,55.936483803284354
2016-11-12 03:00:00,57.92500520620781
2016-11-12 04:00:00,75.822044309769
2016-11-12 05:00:00,83.54164769904519
2016-11-12 06:00:00,83.86004820500754
2016-11-12 07:00:00,83.76869903161074
2016-11-12 08:00:00,83.05437517404468
2016-11-12 09:00:00,83.54827601736585
2016-11-12 10:00:00,87.56148371269803
2016-11-12 11:00:00,89.64960371295308
2016-11-12 12:00:00,94.16926004297845
2016-11-12 13:00:00,97.56218492474842
2016-11-12 14:00:00,95.79870498887458
2016-11-12 15:00:00,95.17691563350074
2016-11-12 16:00:00,92.72313930186563
2016-11-12 17:00:00,92.05534828486432
2016-11-12 18:00:00,93.28806446385626
2016-11-12 19:00:00,88.09296352523924
2016-11-12 20:00:00,71.27511277192175
2016-11-12 21:00:00,60.33181292704944
2016-11-12 22:00:00,53.465473857879054
2016-11-12 23:00:00,54.423003721661345
2016-11-13 00:00:00,56.598581094827516
2016-11-13 01:00:00,55.97089549990417
2016-11-13 02:00:00,55.894180391598546
2016-11-13 03:00:00,52.147725542857096
2016-11-13 04:00:00,54.2580748780863
2016-11-13 05:00:00,55.50130931013929
2016-11-13 06:00:00,58.88955555967321
2016-11-13 07:00:00,58.2579175741437
2016-11-13 08:00:00,57.308457261229414
2016-11-13 09:00:00,49.51436692962797
2016-11-13 10:00:00,45.63973907763198
2016-11-13 11:00:00,46.09112149614062
2016-11-13 12:00:00,48.86847167266284
2016-11-13 13:00:00,48.610000477484846
2016-11-13 14:00:00,46.172065783251114
2016-11-13 15:00:00,45.14492627870935
2016-11-13 16:00:00,35.48050786189414
2016-11-13 17:00:00,30.652154177068834
2016-11-13 18:00:00,37.487456563480215
2016-11-13 19:00:00,40.13675419392317
2016-11-13 20:00:00,38.58441541076619
2016-11-13 21:00:00,44.193775297955
2016-11-13 22:00:00,47.810298465540825
2016-11-13 23:00:00,53.31245461403902
2016-11-14 00:00:00,54.15383886059502
2016-11-14 01:00:00,56.81696372955196
2016-11-14 02:00:00,52.61529659457488
2016-11-14 03:00:00,45.87438253722427
2016-11-14 04:00:00,52.55744324073474
2016-11-14 05:00:00,68.94085270265643
2016-11-14 06:00:00,75.09115200503854
2016-11-14 07:00:00,80.22983298007834
2016-11-14 08:00:00,84.5735895253717
2016-11-14 09:00:00,92.00365170905765
2016-11-14 10:00:00,90.54796080054196
2016-11-14 11:00:00,93.16643065074031
2016-11-14 12:00:00,94.54618711954487
2016-11-14 13:00:00,94.84383618736719
2016-11-14 14:00:00,96.62085925469655
2016-11-14 15:00:00,97.92257724579748
2016-11-14 16:00:00,90.88663233720649
2016-11-14 17:00:00,91.67752540553944
2016-11-14 18:00:00,97.12079367649564
2016-11-14 19:00:00,92.7810964467364
2016-11-14 20:00:00,73.24499548672686
2016-11-14 21:00:00,63.255117538609305
2016-11-14 22:00:00,57.76941052943821
2016-11-14 23:00:00,52.365635150021234
2016-11-15 00:00:00,52.47231622319449
2016-11-15 01:00:00,54.80154662057726
2016-11-15 02:00:00,53.60414536526467
2016-11-15 03:00:00,50.655484238841474
2016-11-15 04:00:00,62.32739025411998
2016-11-15 05:00:00,81.10161220956869
2016-11-15 06:00:00,86.46194413011924
2016-11-15 07:00:00,89.66928867818739
2016-11-15 08:00:00,98.24768999839459
2016-11-15 09:00:00,101.9969836127376
2016-11-15 10:00:00,101.17783353424392
2016-11-15 11:00:00,101.47265885897534
2016-11-15 12:00:00,107.15074656646624
2016-11-15 13:00:00,104.7027646365794
2016-11-15 14:00:00,106.09973346432525
2016-11-15 15:00:00,109.28771316197295
2016-11-15 16:00:00,103.31229062969153
2016-11-15 17:00:00,99.71488438742634
2016-11-15 18:00:00,97.48206948767486
2016-11-15 19:00:00,93.27370816493462
2016-11-15 20:00:00,77.47865679881946
2016-11-15 21:00:00,67.76114202329734
2016-11-15 22:00:00,63.01514658284342
2016-11-15 23:00:00,56.03609193606748
2016-11-16 00:00:00,54.567259498177904
2016-11-16 01:00:00,56.12786368266622
2016-11-16 02:00:00,54.55984774012994
2016-11-16 03:00:00,56.76576356882549
2016-11-16 04:00:00,69.40961115194919
2016-11-16 05:00:00,85.09900538111283
2016-11-16 06:00:00,87.93339070603153
2016-11-16 07:00:00,93.28635374450168
2016-11-16 08:00:00,101.60062979137463
2016-11-16 09:00:00,107.21549182164338
2016-11-16 10:00:00,108.80415017942417
2016-11-16 11:00:00,108.56367835993946
2016-11-16 12:00:00,111.2751198685273
2016-11-16 13:00:00,110.3411766590069
2016-11-16 14:00:00,108.6042710906865
2016-11-16 15:00:00,107.64970493896331
2016-11-16 16:00:00,101.97514244488353
2016-11-16 17:00:00,97.18879901207256
2016-11-16 18:00:00,92.57769984339622
2016-11-16 19:00:00,89.28375100736653
2016-11-16 20:00:00,74.4552570798953
2016-11-16 21:00:00,63.75521632709504
2016-11-16 22:00:00,58.86690127277969
2016-11-16 23:00:00,53.69245776276327
2016-11-17 00:00:00,49.468166461611126
2016-11-17 01:00:00,51.29733990129867
2016-11-17 02:00:00,52.66547115919649
2016-11-17 03:00:00,55.26864737012231
2016-11-17 04:00:00,69.08224188524692
2016-11-17 05:00:00,86.41178336048759
2016-11-17 06:00:00,90.729188210585
2016-11-17 07:00:00,95.25060490761044
2016-11-17 08:00:00,102.33938698182025
2016-11-17 09:00:00,106.78991442307903
2016-11-17 10:00:00,110.3521625147027
2016-11-17 11:00:00,108.66178725747777
2016-11-17 12:00:00,115.81229029012366
2016-11-17 13:00:00,116.4276077622079
2016-11-17 14:00:00,114.05212782177624
2016-11-17 15:00:00,115.48320215795776
2016-11-17 16:00:00,109.87795723801055
2016-11-17 17:00:00,105.2130052957825
2016-11-17 18:00:00,103.1915175738153
2016-11-17 19:00:00,88.4839155236666
2016-11-17 20:00:00,70.24295547745749
2016-11-17 21:00:00,60.35572819474181
2016-11-17 22:00:00,55.51138542695595
2016-11-17 23:00:00,51.869820268288706
2016-11-18 00:00:00,51.27034749061039
2016-11-18 01:00:00,52.98501134508734
2016-11-18 02:00:00,50.04638208150442
2016-11-18 03:00:00,53.250005216817144
2016-11-18 04:00:00,66.61093593070154
2016-11-18 05:00:00,82.89237138039843
2016-11-18 06:00:00,88.99854603990363
2016-11-18 07:00:00,94.55917140126942
2016-11-18 08:00:00,99.8028692868981
2016-11-18 09:00:00,108.08638408293942
2016-11-18 10:00:00,116.08329057675046
2016-11-18 11:00:00,115.22137534089555
2016-11-18 12:00:00,116.41429699197529
2016-11-18 13:00:00,112.49343210116916
2016-11-18 14:00:00,113.25583699542179
2016-11-18 15:00:00,111.98983548335862
2016-11-18 16:00:00,107.44417793772855
2016-11-18 17:00:00,103.0359986937697
2016-11-18 18:00:00,97.93986705877181
2016-11-18 19:00:00,90.54547870962358
2016-11-18 20:00:00,73.28525098301924
2016-11-18 21:00:00,54.56589872918148
2016-11-18 22:00:00,48.3825739461535
2016-11-18 23:00:00,50.3615155229757
2016-11-19 00:00:00,50.922123797743495
2016-11-19 01:00:00,53.12568074079638
2016-11-19 02:00:00,56.79635957978857
2016-11-19 03:00:00,60.49210065978707
2016-11-19 04:00:00,69.80811172740945
2016-11-19 05:00:00,80.39869923749093
2016-11-19 06:00:00,81.4457792252661
2016-11-19 07:00:00,80.78576855936444
2016-11-19 08:00:00,85.1923994716725
2016-11-19 09:00:00,84.21099127865877
2016-11-19 10:00:00,85.82790895042261
2016-11-19 11:00:00,85.56145653656571
2016-11-19 12:00:00,87.28908504791009
2016-11-19 13:00:00,87.19972095054153
2016-11-19 14:00:00,85.49404421098454
2016-11-19 15:00:00,88.62212373892757
2016-11-19 16:00:00,88.08498860609568
2016-11-19 17:00:00,86.29262088307645
2016-11-19 18:00:00,89.76623783367747
2016-11-19 19:00:00,84.15404632185675
2016-11-19 20:00:00,75.79889873295502
2016-11-19 21:00:00,60.63141868544806
2016-11-19 22:00:00,53.01094187679488
2016-11-19 23:00:00,52.81732461360928
2016-11-20 00:00:00,53.42563005248235
2016-11-20 01:00:00,53.8178299308942
2016-11-20 02:00:00,53.23627245493357
2016-11-20 03:00:00,52.150758441474906
2016-11-20 04:00:00,55.45955418315775
2016-11-20 05:00:00,59.22152375511411
2016-11-20 06:00:00,59.5502512266326
2016-11-20 07:00:00,59.057710926934206
2016-11-20 08:00:00,61.24182506209193
2016-11-20 09:00:00,58.06910735863634
2016-11-20 10:00:00,56.306518448057105
2016-11-20 11:00:00,58.664769219000895
2016-11-20 12:00:00,58.93755890912508
2016-11-20 13:00:00,58.07970178513629
2016-11-20 14:00:00,55.97041903519461
2016-11-20 15:00:00,52.10430671950572
2016-11-20 16:00:00,45.51340425214813
2016-11-20 17:00:00,40.211411974225406
2016-11-20 18:00:00,42.20711560117146
2016-11-20 19:00:00,46.61294999471293
2016-11-20 20:00:00,48.97622847662369
2016-11-20 21:00:00,51.203085361522106
2016-11-20 22:00:00,57.684959839006105
2016-11-20 23:00:00,62.2933751383559
2016-11-21 00:00:00,62.45519566620715
2016-11-21 01:00:00,61.579769689801616
2016-11-21 02:00:00,60.19712999254621
2016-11-21 03:00:00,60.09714386822408
2016-11-21 04:00:00,59.290056468586
2016-11-21 05:00:00,70.61340297447803
2016-11-21 06:00:00,75.72568277816357
2016-11-21 07:00:00,79.03638458428202
2016-11-21 08:00:00,82.99081811173397
2016-11-21 09:00:00,88.32769207767848
2016-11-21 10:00:00,90.70297785017472
2016-11-21 11:00:00,93.03256810910077
2016-11-21 12:00:00,95.32294305341323
2016-11-21 13:00:00,100.11143739705756
2016-11-21 14:00:00,98.37354301305899
2016-11-21 15:00:00,103.57440482568589
2016-11-21 16:00:00,102.32388482941742
2016-11-21 17:00:00,98.01622880860074
2016-11-21 18:00:00,94.40911127158466
2016-11-21 19:00:00,95.15580899910158
2016-11-21 20:00:00,84.33117094950443
2016-11-21 21:00:00,63.97069442775982
2016-11-21 22:00:00,60.479569962124835
2016-11-21 23:00:00,54.63356487538116
2016-11-22 00:00:00,48.62094546713815
2016-11-22 01:00:00,49.753339131483365
2016-11-22 02:00:00,51.953358893517695
2016-11-22 03:00:00,53.60328740637099
2016-11-22 04:00:00,55.85070663828908
2016-11-22 05:00:00,77.81161518847391
2016-11-22 06:00:00,85.73788774487771
2016-11-22 07:00:00,86.25639152463913
2016-11-22 08:00:00,92.91802343644575
2016-11-22 09:00:00,97.96374269670552
2016-11-22 10:00:00,102.22059243891633
2016-11-22 11:00:00,105.52263122899217
2016-11-22 12:00:00,112.17462141345904
2016-11-22 13:00:00,113.51040043961396
2016-11-22 14:00:00,107.80689817790486
2016-11-22 15:00:00,108.15813335500722
2016-11-22 16:00:00,105.72397368257748
2016-11-22 17:00:00,103.45751101621182
2016-11-22 18:00:00,97.09642180039404
2016-11-22 19:00:00,95.73250223113199
2016-11-22 20:00:00,87.09478949610705
2016-11-22 21:00:00,66.49261331330614
2016-11-22 22:00:00,61.788670116032705
2016-11-22 23:00:00,58.598296371134964
2016-11-23 00:00:00,53.40371256079985
2016-11-23 01:00:00,53.88265387241058
2016-11-23 02:00:00,55.00261140662601
2016-11-23 03:00:00,56.17105853413396
2016-11-23 04:00:00,63.91499772101076
2016-11-23 05:00:00,80.94648296872754
2016-11-23 06:00:00,86.74710970955249
2016-11-23 07:00:00,89.55109028272317
2016-11-23 08:00:00,97.02944821037985
2016-11-23 09:00:00,103.76085382174985
2016-11-23 10:00:00,107.57372182570681
2016-11-23 11:00:00,110.00302132294254
2016-11-23 12:00:00,113.99891541115528
2016-11-23 13:00:00,114.67527684536051
2016-11-23 14:00:00,112.98490099643459
2016-11-23 15:00:00,113.36877784262289
2016-11-23 16:00:00,109.88379845770743
2016-11-23 17:00:00,107.70247751480375
2016-11-23 18:00:00,99.66586097373805
2016-11-23 19:00:00,97.48992007802815
2016-11-23 20:00:00,86.8695478838519
2016-11-23 21:00:00,67.12607150400629
2016-11-23 22:00:00,61.8713404864143
2016-11-23 23:00:00,58.33797472396277
2016-11-24 00:00:00,53.0120774541985
2016-11-24 01:00:00,51.32674357227996
2016-11-24 02:00:00,52.538137212807456
2016-11-24 03:00:00,56.85421195786916
2016-11-24 04:00:00,66.80069725741508
2016-11-24 05:00:00,87.41134865737612
2016-11-24 06:00:00,91.69209227281863
2016-11-24 07:00:00,94.25069675165786
2016-11-24 08:00:00,100.85785484546574
2016-11-24 09:00:00,102.36720636276002
2016-11-24 10:00:00,101.69681640854634
2016-11-24 11:00:00,97.50836616903852
2016-11-24 12:00:00,99.61477494342249
2016-11-24 13:00:00,99.18248563214432
2016-11-24 14:00:00,97.4140983366731
2016-11-24 15:00:00,97.67154917122156
2016-11-24 16:00:00,92.37423893688404
2016-11-24 17:00:00,86.74581993359105
2016-11-24 18:00:00,82.73971541432579
2016-11-24 19:00:00,79.82304658147831
2016-11-24 20:00:00,73.86298068423035
2016-11-24 21:00:00,63.56345997879254
2016-11-24 22:00:00,59.401947751406844
2016-11-24 23:00:00,59.050706709853
2016-11-25 00:00:00,60.44016939528189
2016-11-25 01:00:00,59.646714906395275
2016-11-25 02:00:00,60.49279282465051
2016-11-25 03:00:00,63.48727062267996
2016-11-25 04:00:00,67.53654860927924
2016-11-25 05:00:00,81.96789663439007
2016-11-25 06:00:00,86.64493059802903
2016-11-25 07:00:00,89.40045551676153
2016-11-25 08:00:00,92.23027262944083
2016-11-25 09:00:00,92.67353873827378
2016-11-25 10:00:00,91.50330935102826
2016-11-25 11:00:00,89.12009543636375
2016-11-25 12:00:00,89.38652143111157
2016-11-25 13:00:00,86.36536606844291
2016-11-25 14:00:00,80.83502803743183
2016-11-25 15:00:00,78.30666529822118
2016-11-25 16:00:00,74.44545732241549
2016-11-25 17:00:00,68.72007360948626
2016-11-25 18:00:00,62.85519865439612
2016-11-25 19:00:00,60.541493809609946
2016-11-25 20:00:00,56.59890098626672
2016-11-25 21:00:00,48.458674422984046
2016-11-25 22:00:00,48.634518426932466
2016-11-25 23:00:00,52.54264821908298
2016-11-26 00:00:00,54.46264029467777
2016-11-26 01:00:00,55.66409631674813
2016-11-26 02:00:00,56.54483628662886
2016-11-26 03:00:00,58.9967888212606
2016-11-26 04:00:00,60.33910148905596
2016-11-26 05:00:00,67.608903193699
2016-11-26 06:00:00,72.02929774949422
2016-11-26 07:00:00,74.07845706738087
2016-11-26 08:00:00,73.54325213678135
2016-11-26 09:00:00,74.34995223441933
2016-11-26 10:00:00,76.75002359896092
2016-11-26 11:00:00,77.82961214454332
2016-11-26 12:00:00,81.44134264251984
2016-11-26 13:00:00,81.40539976541008
2016-11-26 14:00:00,80.29852969410322
2016-11-26 15:00:00,83.7386285628223
2016-11-26 16:00:00,87.25208330684593
2016-11-26 17:00:00,84.42291351236159
2016-11-26 18:00:00,86.18366206138161
2016-11-26 19:00:00,85.32324723376254
2016-11-26 20:00:00,81.18445641778118
2016-11-26 21:00:00,73.94462069481308
2016-11-26 22:00:00,68.9833919536886
2016-11-26 23:00:00,67.76137215343249
2016-11-27 00:00:00,67.24103733790726
2016-11-27 01:00:00,66.08005114267507
2016-11-27 02:00:00,64.13335997642946
2016-11-27 03:00:00,63.8349420924727
2016-11-27 04:00:00,65.580720339279
2016-11-27 05:00:00,67.59515164580453
2016-11-27 06:00:00,65.40885318516128
2016-11-27 07:00:00,60.921124913330615
2016-11-27 08:00:00,59.910275025436675
2016-11-27 09:00:00,55.60285510617936
2016-11-27 10:00:00,54.48168136426657
2016-11-27 11:00:00,55.88588458075098
2016-11-27 12:00:00,56.3180997268344
2016-11-27 13:00:00,55.52319792939812
2016-11-27 14:00:00,53.682885925408556
2016-11-27 15:00:00,52.15570562792931
2016-11-27 16:00:00,49.54542975613467
2016-11-27 17:00:00,47.4118903975952
2016-11-27 18:00:00,50.527690480890364
2016-11-27 19:00:00,53.57840569274384
2016-11-27 20:00:00,54.600894817268546
2016-11-27 21:00:00,55.835936235219485
2016-11-27 22:00:00,58.35466215328381
2016-11-27 23:00:00,62.01418949281525
2016-11-28 00:00:00,60.68406202587886
2016-11-28 01:00:00,59.41753923889036
2016-11-28 02:00:00,58.59186482519193
2016-11-28 03:00:00,59.89977113514034
2016-11-28 04:00:00,60.6944390085065
2016-11-28 05:00:00,69.0852213829828
2016-11-28 06:00:00,71.48491027780204
2016-11-28 07:00:00,76.30384265487537
2016-11-28 08:00:00,84.60221850877413
2016-11-28 09:00:00,89.14330288498563
2016-11-28 10:00:00,91.5228448100311
2016-11-28 11:00:00,95.45952029176468
2016-11-28 12:00:00,97.29625238695328
2016-11-28 13:00:00,99.69234175542425
2016-11-28 14:00:00,98.71117192078057
2016-11-28 15:00:00,100.2037907986313
2016-11-28 16:00:00,98.24776666528696
2016-11-28 17:00:00,91.54404610143615
2016-11-28 18:00:00,92.92646008925821
2016-11-28 19:00:00,92.9298869509281
2016-11-28 20:00:00,84.87893556614685
2016-11-28 21:00:00,74.06822919039286
2016-11-28 22:00:00,66.15645400042004
2016-11-28 23:00:00,63.24706389775915
2016-11-29 00:00:00,58.1778392845255
2016-11-29 01:00:00,57.933325020718804
2016-11-29 02:00:00,59.23297221782787
2016-11-29 03:00:00,59.742050614568946
2016-11-29 04:00:00,63.3150297584472
2016-11-29 05:00:00,78.75109379498521
2016-11-29 06:00:00,84.41887211283235
2016-11-29 07:00:00,87.64148586467412
2016-11-29 08:00:00,95.0946365137738
2016-11-29 09:00:00,98.8562169444851
2016-11-29 10:00:00,101.72172596599927
2016-11-29 11:00:00,101.38393721103664
2016-11-29 12:00:00,105.7037484023574
2016-11-29 13:00:00,104.62167876741505
2016-11-29 14:00:00,103.25888670820652
2016-11-29 15:00:00,103.57185784498046
2016-11-29 16:00:00,101.56713260596504
2016-11-29 17:00:00,98.51881691590958
2016-11-29 18:00:00,93.87063317887879
2016-11-29 19:00:00,89.72073482090852
2016-11-29 20:00:00,79.53699262927536
2016-11-29 21:00:00,66.77809021980406
2016-11-29 22:00:00,62.339252195132225
2016-11-29 23:00:00,61.371213968549135
2016-11-30 00:00:00,58.74112295385913
2016-11-30 01:00:00,60.061181968782314
2016-11-30 02:00:00,61.918821367110596
2016-11-30 03:00:00,64.38845818047481
2016-11-30 04:00:00,66.78866727137688
2016-11-30 05:00:00,78.45214071041903
2016-11-30 06:00:00,82.89741269917772
2016-11-30 07:00:00,87.20558904400738
2016-11-30 08:00:00,93.99923934106036
2016-11-30 09:00:00,100.07402166021927
2016-11-30 10:00:00,104.16508039581238
2016-11-30 11:00:00,104.79686377361838
2016-11-30 12:00:00,108.0808032071049
2016-11-30 13:00:00,107.83960602091926
2016-11-30 14:00:00,107.0126325477381
2016-11-30 15:00:00,105.75295859786584
2016-11-30 16:00:00,103.4190851531082
2016-11-30 17:00:00,103.6969835829624
2016-11-30 18:00:00,101.58605359702196
2016-11-30 19:00:00,97.18001254703617
2016-11-30 20:00:00,87.98613370580554
2016-11-30 21:00:00,71.51679531355677
2016-11-30 22:00:00,64.42386209108297
2016-11-30 23:00:00,59.33418434559258
2016-12-01 00:00:00,56.63744644435083
2016-12-01 01:00:00,57.899178455170194
2016-12-01 02:00:00,58.67954258391138
2016-12-01 03:00:00,60.481011619406935
2016-12-01 04:00:00,67.7712334879749
2016-12-01 05:00:00,84.96565487999278
2016-12-01 06:00:00,88.34297462059872
2016-12-01 07:00:00,89.04446553241569
2016-12-01 08:00:00,94.74030029537369
2016-12-01 09:00:00,99.54080169199904
2016-12-01 10:00:00,104.26762852621304
2016-12-01 11:00:00,107.59219789078837
2016-12-01 12:00:00,112.1981277920762
2016-12-01 13:00:00,113.145720739506
2016-12-01 14:00:00,110.75681732436746
2016-12-01 15:00:00,110.24414764465921
2016-12-01 16:00:00,108.12086725202684
2016-12-01 17:00:00,106.03006541557342
2016-12-01 18:00:00,102.15714461407228
2016-12-01 19:00:00,100.67394984946682
2016-12-01 20:00:00,87.76746759816898
2016-12-01 21:00:00,71.9323436221664
2016-12-01 22:00:00,67.42452587417426
2016-12-01 23:00:00,61.17172789398632
2016-12-02 00:00:00,56.5837066442454
2016-12-02 01:00:00,54.711658991578936
2016-12-02 02:00:00,56.562490081493834
2016-12-02 03:00:00,58.28391568377805
2016-12-02 04:00:00,66.27761184322902
2016-12-02 05:00:00,82.45972616023433
2016-12-02 06:00:00,87.66643960506246
2016-12-02 07:00:00,92.40517913581675
2016-12-02 08:00:00,98.74805567154243
2016-12-02 09:00:00,108.29076749034515
2016-12-02 10:00:00,112.16590705667953
2016-12-02 11:00:00,110.41612779530223
2016-12-02 12:00:00,113.6680010291644
2016-12-02 13:00:00,111.8376393517258
2016-12-02 14:00:00,107.98011954460574
2016-12-02 15:00:00,109.60476382279113
2016-12-02 16:00:00,107.78166506383448
2016-12-02 17:00:00,102.51127160672394
2016-12-02 18:00:00,97.1018173343486
2016-12-02 19:00:00,94.48431363878423
2016-12-02 20:00:00,82.72741764400742
2016-12-02 21:00:00,62.0281139777143
2016-12-02 22:00:00,53.91050537834816
2016-12-02 23:00:00,51.39056858424231
2016-12-03 00:00:00,49.73922888689411
2016-12-03 01:00:00,50.97385371784055
2016-12-03 02:00:00,54.11003509126506
2016-12-03 03:00:00,55.78308498115554
2016-12-03 04:00:00,63.33779806669403
2016-12-03 05:00:00,79.97098464076454
2016-12-03 06:00:00,82.7261644041871
2016-12-03 07:00:00,80.38058937119756
2016-12-03 08:00:00,83.21326021124176
2016-12-03 09:00:00,84.05176771377361
2016-12-03 10:00:00,85.21598098441359
2016-12-03 11:00:00,84.53071638272475
2016-12-03 12:00:00,89.10273017977421
2016-12-03 13:00:00,88.44647321795937
2016-12-03 14:00:00,85.54325353551603
2016-12-03 15:00:00,88.32678608120368
2016-12-03 16:00:00,91.2470289524695
2016-12-03 17:00:00,86.75485771909159
2016-12-03 18:00:00,88.55206261558506
2016-12-03 19:00:00,87.26774894254893
2016-12-03 20:00:00,81.7926791292446
2016-12-03 21:00:00,69.66294526548796
2016-12-03 22:00:00,59.316529797546146
2016-12-03 23:00:00,57.99737752350068
2016-12-04 00:00:00,56.67745940388752
2016-12-04 01:00:00,54.99722142412967
2016-12-04 02:00:00,55.79340685173823
2016-12-04 03:00:00,57.29180819392451
2016-12-04 04:00:00,60.4271558979287
2016-12-04 05:00:00,63.871043384079904
2016-12-04 06:00:00,63.75703037993742
2016-12-04 07:00:00,63.313692089714735
2016-12-04 08:00:00,63.42404073972259
2016-12-04 09:00:00,60.80333694954304
2016-12-04 10:00:00,59.23664117599807
2016-12-04 11:00:00,60.624781530155104
2016-12-04 12:00:00,61.71535544689631
2016-12-04 13:00:00,60.861563905924285
2016-12-04 14:00:00,59.80298555465011
2016-12-04 15:00:00,57.52866596626312
2016-12-04 16:00:00,55.74726156811969
2016-12-04 17:00:00,52.14078953643507
2016-12-04 18:00:00,52.77899681591472
2016-12-04 19:00:00,55.823426592923234
2016-12-04 20:00:00,56.35724347931956
2016-12-04 21:00:00,54.0915654414079
2016-12-04 22:00:00,55.567250656519
2016-12-04 23:00:00,59.606899849960875
2016-12-05 00:00:00,59.5948715280033
2016-12-05 01:00:00,60.461043821746756
2016-12-05 02:00:00,61.67889547746055
2016-12-05 03:00:00,62.80608436858059
2016-12-05 04:00:00,63.28776965763834
2016-12-05 05:00:00,71.78698101966984
2016-12-05 06:00:00,72.903097051636
2016-12-05 07:00:00,78.5223209368427
2016-12-05 08:00:00,84.60106318362514
2016-12-05 09:00:00,92.14011919027934
2016-12-05 10:00:00,94.36967035873911
2016-12-05 11:00:00,95.63087322331549
2016-12-05 12:00:00,94.51438097574521
2016-12-05 13:00:00,98.52476092607442
2016-12-05 14:00:00,96.56938370708632
2016-12-05 15:00:00,100.05256263116118
2016-12-05 16:00:00,96.76485381514351
2016-12-05 17:00:00,92.90486846625416
2016-12-05 18:00:00,91.31848776216198
2016-12-05 19:00:00,94.06962972702745
2016-12-05 20:00:00,85.40010140716689
2016-12-05 21:00:00,72.19680126539966
2016-12-05 22:00:00,63.55897625662652
2016-12-05 23:00:00,58.89216608014034
2016-12-06 00:00:00,52.79078015058484
2016-12-06 01:00:00,52.14999050949232
2016-12-06 02:00:00,50.638466931765294
2016-12-06 03:00:00,50.56828019669596
2016-12-06 04:00:00,56.394936184748715
2016-12-06 05:00:00,73.54024027203889
2016-12-06 06:00:00,83.35695093749447
2016-12-06 07:00:00,84.04832465552482
2016-12-06 08:00:00,91.83910035495238
2016-12-06 09:00:00,98.15913142197357
2016-12-06 10:00:00,101.44829786403562
2016-12-06 11:00:00,103.64715336927179
2016-12-06 12:00:00,109.32013642111102
2016-12-06 13:00:00,110.04952714810109
2016-12-06 14:00:00,108.19159179205118
2016-12-06 15:00:00,108.50074432881415
2016-12-06 16:00:00,105.83367859078324
2016-12-06 17:00:00,102.74391957903069
2016-12-06 18:00:00,95.73832586563104
2016-12-06 19:00:00,94.32496204811392
2016-12-06 20:00:00,84.42626635746798
2016-12-06 21:00:00,66.34060813825403
2016-12-06 22:00:00,60.68945788652914
2016-12-06 23:00:00,55.65239408710516
2016-12-07 00:00:00,50.109923298786384
2016-12-07 01:00:00,50.674837725858424
2016-12-07 02:00:00,51.87994177515874
2016-12-07 03:00:00,55.97669849502693
2016-12-07 04:00:00,63.77148374907096
2016-12-07 05:00:00,78.69953248278571
2016-12-07 06:00:00,83.66105605718549
2016-12-07 07:00:00,88.06428505541035
2016-12-07 08:00:00,95.09472673621309
2016-12-07 09:00:00,102.62445266822158
2016-12-07 10:00:00,107.3430343857183
2016-12-07 11:00:00,107.52336393816627
2016-12-07 12:00:00,111.41313211162532
2016-12-07 13:00:00,111.33084388356455
2016-12-07 14:00:00,109.37183702985237
2016-12-07 15:00:00,110.58816460024673
2016-12-07 16:00:00,107.34616075623434
2016-12-07 17:00:00,106.91541240885735
2016-12-07 18:00:00,103.49144633700814
2016-12-07 19:00:00,99.33731118422288
2016-12-07 20:00:00,92.55514177999568
2016-12-07 21:00:00,73.66521282415374
2016-12-07 22:00:00,66.71618534764852
2016-12-07 23:00:00,61.63362359495752
2016-12-08 00:00:00,57.296343246601424
2016-12-08 01:00:00,56.23195640856456
2016-12-08 02:00:00,56.551307822581045
2016-12-08 03:00:00,59.609805479774245
2016-12-08 04:00:00,68.33832230652308
2016-12-08 05:00:00,86.8286696774557
2016-12-08 06:00:00,92.80054069073685
2016-12-08 07:00:00,95.22187030404903
2016-12-08 08:00:00,100.78590289646012
2016-12-08 09:00:00,106.87869173019675
2016-12-08 10:00:00,113.48403750117896
2016-12-08 11:00:00,113.50818348898787
2016-12-08 12:00:00,115.36088258247575
2016-12-08 13:00:00,115.56712702970192
2016-12-08 14:00:00,112.8424377293904
2016-12-08 15:00:00,115.24562657519164
2016-12-08 16:00:00,113.9046874734878
2016-12-08 17:00:00,109.67139979766691
2016-12-08 18:00:00,106.05969757237922
2016-12-08 19:00:00,102.11088975921436
2016-12-08 20:00:00,88.82080427331961
2016-12-08 21:00:00,72.4258023388508
2016-12-08 22:00:00,65.70396041685834
2016-12-08 23:00:00,59.702426495211434
2016-12-09 00:00:00,56.224853087425615
2016-12-09 01:00:00,55.615026315324414
2016-12-09 02:00:00,57.11832673628943
2016-12-09 03:00:00,59.52954811378607
2016-12-09 04:00:00,69.43282443277926
2016-12-09 05:00:00,88.21068039197195
2016-12-09 06:00:00,94.12644149581828
2016-12-09 07:00:00,97.26842361469285
2016-12-09 08:00:00,101.18919065802629
2016-12-09 09:00:00,109.48834100675899
2016-12-09 10:00:00,116.29040143145015
2016-12-09 11:00:00,114.72474461663947
2016-12-09 12:00:00,113.26304804499921
2016-12-09 13:00:00,113.47119440615195
2016-12-09 14:00:00,110.49728817639719
2016-12-09 15:00:00,110.78089148452136
2016-12-09 16:00:00,107.72027704093986
2016-12-09 17:00:00,101.56374212980134
2016-12-09 18:00:00,93.90505198331205
2016-12-09 19:00:00,90.86857851657561
2016-12-09 20:00:00,80.26561247634488
2016-12-09 21:00:00,59.261606793437906
2016-12-09 22:00:00,53.72516390514769
2016-12-09 23:00:00,52.23831776794888
2016-12-10 00:00:00,50.08549563416254
2016-12-10 01:00:00,50.329170188518866
2016-12-10 02:00:00,54.3219929043227
2016-12-10 03:00:00,56.16286452135526
2016-12-10 04:00:00,65.87639965726558
2016-12-10 05:00:00,80.75751476850222
2016-12-10 06:00:00,84.20333210854743
2016-12-10 07:00:00,82.51185764005182
2016-12-10 08:00:00,86.70427705920319
2016-12-10 09:00:00,84.94565644653194
2016-12-10 10:00:00,85.29741637514894
2016-12-10 11:00:00,84.88108336256181
2016-12-10 12:00:00,88.1066464104582
2016-12-10 13:00:00,89.9027591447087
2016-12-10 14:00:00,89.06052707352254
2016-12-10 15:00:00,89.67560932316202
2016-12-10 16:00:00,92.59060619585905
2016-12-10 17:00:00,89.80521195369832
2016-12-10 18:00:00,91.90994433109934
2016-12-10 19:00:00,87.71181496555006
2016-12-10 20:00:00,78.94320610009866
2016-12-10 21:00:00,63.18088570783622
2016-12-10 22:00:00,53.31153090603624
2016-12-10 23:00:00,53.15558346720545
2016-12-11 00:00:00,53.01499493747406
2016-12-11 01:00:00,49.37403466069752
2016-12-11 02:00:00,49.86318955780271
2016-12-11 03:00:00,50.12168703211201
2016-12-11 04:00:00,52.84700974935865
2016-12-11 05:00:00,57.385894230543265
2016-12-11 06:00:00,57.78768872605169
2016-12-11 07:00:00,59.485657664898696
2016-12-11 08:00:00,63.31367602397287
2016-12-11 09:00:00,60.504239963297735
2016-12-11 10:00:00,58.680684973073085
2016-12-11 11:00:00,60.42609613991446
2016-12-11 12:00:00,60.30412371380959
2016-12-11 13:00:00,58.87883871956077
2016-12-11 14:00:00,57.2405689218083
2016-12-11 15:00:00,54.67598382079402
2016-12-11 16:00:00,49.07676251110378
2016-12-11 17:00:00,43.079505157002835
2016-12-11 18:00:00,42.214238050277054
2016-12-11 19:00:00,44.75793830417906
2016-12-11 20:00:00,46.95005901556006
2016-12-11 21:00:00,48.83536534746361
2016-12-11 22:00:00,55.035027382643236
2016-12-11 23:00:00,58.72304004295494
2016-12-12 00:00:00,57.98242683815909
2016-12-12 01:00:00,58.07848969148661
2016-12-12 02:00:00,59.37808429953395
2016-12-12 03:00:00,60.1667567670172
2016-12-12 04:00:00,61.88186518704739
2016-12-12 05:00:00,70.49796548373844
2016-12-12 06:00:00,72.55985231142219
2016-12-12 07:00:00,76.78518782137911
2016-12-12 08:00:00,80.99019118714968
2016-12-12 09:00:00,87.69194558263298
2016-12-12 10:00:00,90.68001846473929
2016-12-12 11:00:00,96.42245312610203
2016-12-12 12:00:00,96.50866082639482
2016-12-12 13:00:00,101.64664476924968
2016-12-12 14:00:00,97.97802064338131
2016-12-12 15:00:00,102.15994387438691
2016-12-12 16:00:00,96.5845231230252
2016-12-12 17:00:00,91.15538922342176
2016-12-12 18:00:00,90.8839722130634
2016-12-12 19:00:00,93.7956600750473
2016-12-12 20:00:00,87.46077890663535
2016-12-12 21:00:00,71.59760236032473
2016-12-12 22:00:00,65.09318715228908
2016-12-12 23:00:00,60.52642777773562
2016-12-13 00:00:00,53.469167504064046
2016-12-13 01:00:00,54.04060994920457
2016-12-13 02:00:00,53.532961362862686
2016-12-13 03:00:00,54.00694059837841
2016-12-13 04:00:00,58.924442972804975
2016-12-13 05:00:00,77.37658018911624
2016-12-13 06:00:00,84.74344443225174
2016-12-13 07:00:00,85.42575964258681
2016-12-13 08:00:00,91.72531766058704
2016-12-13 09:00:00,96.98354030339449
2016-12-13 10:00:00,102.84923169426024
2016-12-13 11:00:00,106.77767886843638
2016-12-13 12:00:00,111.23563990113657
2016-12-13 13:00:00,113.65575650910517
2016-12-13 14:00:00,109.99500835129508
2016-12-13 15:00:00,110.28667542376732
2016-12-13 16:00:00,105.79533222674658
2016-12-13 17:00:00,105.5884065295455
2016-12-13 18:00:00,99.35130191801959
2016-12-13 19:00:00,97.93829847159795
2016-12-13 20:00:00,87.73436248109294
2016-12-13 21:00:00,66.3938690657022
2016-12-13 22:00:00,59.81160806097241
2016-12-13 23:00:00,57.231015779661455
2016-12-14 00:00:00,52.01760349905845
2016-12-14 01:00:00,52.958687999023766
2016-12-14 02:00:00,55.241418930085835
2016-12-14 03:00:00,59.99351394696916
2016-12-14 04:00:00,64.9017595585332
2016-12-14 05:00:00,80.08330538217336
2016-12-14 06:00:00,84.6855517324576
2016-12-14 07:00:00,88.45596124055369
2016-12-14 08:00:00,97.2983961393623
2016-12-14 09:00:00,104.08428398584341
2016-12-14 10:00:00,108.48752808576155
2016-12-14 11:00:00,111.29336129180403
2016-12-14 12:00:00,113.89974498615294
2016-12-14 13:00:00,114.82570186901091
2016-12-14 14:00:00,113.09292650278034
2016-12-14 15:00:00,113.31085039167871
2016-12-14 16:00:00,111.00473168242529
2016-12-14 17:00:00,107.26226081562751
2016-12-14 18:00:00,99.37086065128885
2016-12-14 19:00:00,98.41299106045372
2016-12-14 20:00:00,90.03674255372748
2016-12-14 21:00:00,69.06661374213394
2016-12-14 22:00:00,62.392768875864306
2016-12-14 23:00:00,57.37091926060784
2016-12-15 00:00:00,53.504661751267776
2016-12-15 01:00:00,51.652001365631165
2016-12-15 02:00:00,50.783867028424005
2016-12-15 03:00:00,55.24803731032698
2016-12-15 04:00:00,65.31906794617169
2016-12-15 05:00:00,85.8387286007679
2016-12-15 06:00:00,92.81695973819772
2016-12-15 07:00:00,94.98081353591871
2016-12-15 08:00:00,102.5023635364218
2016-12-15 09:00:00,107.85229290206263
2016-12-15 10:00:00,115.35446228052444
2016-12-15 11:00:00,113.31548861887461
2016-12-15 12:00:00,117.57460341161166
2016-12-15 13:00:00,121.8747133383354
2016-12-15 14:00:00,119.64986182450488
2016-12-15 15:00:00,120.76923090740664
2016-12-15 16:00:00,118.40046803414393
2016-12-15 17:00:00,113.17025493375488
2016-12-15 18:00:00,104.67495551063993
2016-12-15 19:00:00,102.4905860188735
2016-12-15 20:00:00,88.17716117945757
2016-12-15 21:00:00,64.65472120159582
2016-12-15 22:00:00,61.04020046277067
2016-12-15 23:00:00,55.984057669668935
2016-12-16 00:00:00,53.327220801320976
2016-12-16 01:00:00,53.34257191843299
2016-12-16 02:00:00,54.805894112613544
2016-12-16 03:00:00,57.842964565021084
2016-12-16 04:00:00,70.08737927069546
2016-12-16 05:00:00,89.8522350846966
2016-12-16 06:00:00,93.08724135664407
2016-12-16 07:00:00,93.28551105171046
2016-12-16 08:00:00,100.10558193130261
2016-12-16 09:00:00,108.51639459226256
2016-12-16 10:00:00,115.21544950793002
2016-12-16 11:00:00,114.51277490421467
2016-12-16 12:00:00,114.89043136463134
2016-12-16 13:00:00,114.68261288539944
2016-12-16 14:00:00,111.09719238135216
2016-12-16 15:00:00,111.36826502616799
2016-12-16 16:00:00,107.6978382610363
2016-12-16 17:00:00,101.88531515337861
2016-12-16 18:00:00,93.35114176998208
2016-12-16 19:00:00,89.46398826836138
2016-12-16 20:00:00,77.6868171029051
2016-12-16 21:00:00,56.71526748553938
2016-12-16 22:00:00,52.78756778313452
2016-12-16 23:00:00,53.587926552683825
2016-12-17 00:00:00,51.176969403558815
2016-12-17 01:00:00,50.95509303697593
2016-12-17 02:00:00,55.51785446619145
2016-12-17 03:00:00,59.03219346213117
2016-12-17 04:00:00,67.21122917930299
2016-12-17 05:00:00,81.66521099103443
2016-12-17 06:00:00,81.03818777908953
2016-12-17 07:00:00,76.06057903929424
2016-12-17 08:00:00,79.33070883782102
2016-12-17 09:00:00,79.31883838431425
2016-12-17 10:00:00,80.47484827868742
2016-12-17 11:00:00,79.28028359111771
2016-12-17 12:00:00,83.29886112786697
2016-12-17 13:00:00,84.34489123099237
2016-12-17 14:00:00,84.48991641958098
2016-12-17 15:00:00,87.1291887349804
2016-12-17 16:00:00,91.35624971950566
2016-12-17 17:00:00,90.13401451758014
2016-12-17 18:00:00,92.23085788275273
2016-12-17 19:00:00,89.01623274619041
2016-12-17 20:00:00,80.22532006159341
2016-12-17 21:00:00,65.88318694668432
2016-12-17 22:00:00,59.244803386333466
2016-12-17 23:00:00,60.92324206059562
2016-12-18 00:00:00,60.777479007125145
2016-12-18 01:00:00,58.98343193087891
2016-12-18 02:00:00,60.06645099067844
2016-12-18 03:00:00,61.756190141589514
2016-12-18 04:00:00,64.29338799619029
2016-12-18 05:00:00,65.90402320191892
2016-12-18 06:00:00,63.29062700170508
2016-12-18 07:00:00,62.78476470786311
2016-12-18 08:00:00,66.20263250315556
2016-12-18 09:00:00,66.07276137362909
2016-12-18 10:00:00,64.57251943890051
2016-12-18 11:00:00,68.58330233328178
2016-12-18 12:00:00,69.57697007653012
2016-12-18 13:00:00,68.02744012170825
2016-12-18 14:00:00,67.01584421778999
2016-12-18 15:00:00,65.03517929988662
2016-12-18 16:00:00,60.179543947214874
2016-12-18 17:00:00,53.378980773598684
2016-12-18 18:00:00,54.52781096888125
2016-12-18 19:00:00,57.88787010341551
2016-12-18 20:00:00,60.898517341847224
2016-12-18 21:00:00,60.24357424698086
2016-12-18 22:00:00,68.3431071332764
2016-12-18 23:00:00,72.19784486417392
2016-12-19 00:00:00,69.02846829172299
2016-12-19 01:00:00,66.61286486161552
2016-12-19 02:00:00,67.46621547801658
2016-12-19 03:00:00,68.97434289411841
2016-12-19 04:00:00,67.36139157711638
2016-12-19 05:00:00,74.81275470141037
2016-12-19 06:00:00,77.69897389857623
2016-12-19 07:00:00,77.5883352591786
2016-12-19 08:00:00,83.49408743081175
2016-12-19 09:00:00,91.41081248541533
2016-12-19 10:00:00,95.05146448687822
2016-12-19 11:00:00,99.07041060072036
2016-12-19 12:00:00,98.82885809037666
2016-12-19 13:00:00,101.38962059833825
2016-12-19 14:00:00,98.60454922252968
2016-12-19 15:00:00,98.86917074767345
2016-12-19 16:00:00,94.36190878770742
2016-12-19 17:00:00,89.4633321043129
2016-12-19 18:00:00,85.3697673420505
2016-12-19 19:00:00,85.06419796012123
2016-12-19 20:00:00,80.04407324303865
2016-12-19 21:00:00,68.31313237577625
2016-12-19 22:00:00,65.78523348086335
2016-12-19 23:00:00,66.64714657536686
2016-12-20 00:00:00,64.41927513292019
2016-12-20 01:00:00,64.97682826902242
2016-12-20 02:00:00,66.67904307357377
2016-12-20 03:00:00,69.55463849388579
2016-12-20 04:00:00,73.52700632759598
2016-12-20 05:00:00,87.09104302248468
2016-12-20 06:00:00,89.07178643592222
2016-12-20 07:00:00,89.27284608976488
2016-12-20 08:00:00,96.11657336943442
2016-12-20 09:00:00,100.52109788009018
2016-12-20 10:00:00,102.5666031394222
2016-12-20 11:00:00,104.28894308674403
2016-12-20 12:00:00,106.74215562241575
2016-12-20 13:00:00,108.54852637806111
2016-12-20 14:00:00,106.38818965129327
2016-12-20 15:00:00,108.06909775005673
2016-12-20 16:00:00,104.83903831770442
2016-12-20 17:00:00,100.6115109495157
2016-12-20 18:00:00,94.31407869111224
2016-12-20 19:00:00,90.97427881484687
2016-12-20 20:00:00,84.44335448662731
2016-12-20 21:00:00,70.76419825766317
2016-12-20 22:00:00,69.41107111237604
2016-12-20 23:00:00,68.01136352182608
2016-12-21 00:00:00,65.51909332732932
2016-12-21 01:00:00,68.16938552371299
2016-12-21 02:00:00,70.00226066613955
2016-12-21 03:00:00,74.58540415693356
2016-12-21 04:00:00,77.8334185266884
2016-12-21 05:00:00,87.60634141298047
2016-12-21 06:00:00,88.18455077690741
2016-12-21 07:00:00,90.58861057562422
2016-12-21 08:00:00,98.11293489983206
2016-12-21 09:00:00,103.40336105348445
2016-12-21 10:00:00,106.22799998563097
2016-12-21 11:00:00,108.26848790970091
2016-12-21 12:00:00,110.47693240126307
2016-12-21 13:00:00,112.50522526581132
2016-12-21 14:00:00,111.02642000505013
2016-12-21 15:00:00,113.60432987330744
2016-12-21 16:00:00,112.35320671235418
2016-12-21 17:00:00,106.21443863377182
2016-12-21 18:00:00,98.58562856803768
2016-12-21 19:00:00,94.13993966485972
2016-12-21 20:00:00,88.43736936688545
2016-12-21 21:00:00,73.25907154529258
2016-12-21 22:00:00,71.84397506916066
2016-12-21 23:00:00,70.20458576536696
2016-12-22 00:00:00,68.37955928528244
2016-12-22 01:00:00,70.290276093255
2016-12-22 02:00:00,72.76360642944664
2016-12-22 03:00:00,75.9098040798276
2016-12-22 04:00:00,79.44003461733953
2016-12-22 05:00:00,89.54686560237067
2016-12-22 06:00:00,92.68404476243815
2016-12-22 07:00:00,96.40483183236397
2016-12-22 08:00:00,103.78603982718633
2016-12-22 09:00:00,109.02729961074719
2016-12-22 10:00:00,113.93112822394362
2016-12-22 11:00:00,113.16274381971566
2016-12-22 12:00:00,114.22510985162202
2016-12-22 13:00:00,115.11139078893976
2016-12-22 14:00:00,112.66279400304839
2016-12-22 15:00:00,112.79788533979027
2016-12-22 16:00:00,110.9996466968591
2016-12-22 17:00:00,106.12266210220231
2016-12-22 18:00:00,103.79828956905533
2016-12-22 19:00:00,99.56436100293449
2016-12-22 20:00:00,89.25834051910208
2016-12-22 21:00:00,82.07405436352786
2016-12-22 22:00:00,81.34223492933488
2016-12-22 23:00:00,79.2757207631974
2016-12-23 00:00:00,78.51486408456879
2016-12-23 01:00:00,81.23396072418856
2016-12-23 02:00:00,85.22880161992556
2016-12-23 03:00:00,87.60349216925258
2016-12-23 04:00:00,89.65686883073748
2016-12-23 05:00:00,94.89496251718089
2016-12-23 06:00:00,98.46664812761973
2016-12-23 07:00:00,102.20375910228053
2016-12-23 08:00:00,106.21042551599317
2016-12-23 09:00:00,111.20248168268525
2016-12-23 10:00:00,111.74572874917205
2016-12-23 11:00:00,112.97143308253558
2016-12-23 12:00:00,113.48782680984085
2016-12-23 13:00:00,110.91119695106872
2016-12-23 14:00:00,107.92879600173379
2016-12-23 15:00:00,106.31510781335018
2016-12-23 16:00:00,104.92570707839083
2016-12-23 17:00:00,100.44386702919456
2016-12-23 18:00:00,94.29628748807069
2016-12-23 19:00:00,89.03526989494009
2016-12-23 20:00:00,82.36883299586029
2016-12-23 21:00:00,75.60399953429818
2016-12-23 22:00:00,75.03344718535152
2016-12-23 23:00:00,76.54009328071788
2016-12-24 00:00:00,76.62348144171332
2016-12-24 01:00:00,77.64557234872201
2016-12-24 02:00:00,79.87741563277228
2016-12-24 03:00:00,80.74549930500486
2016-12-24 04:00:00,81.68695614448389
2016-12-24 05:00:00,84.87566856300936
2016-12-24 06:00:00,84.7671812927758
2016-12-24 07:00:00,86.44489997613802
2016-12-24 08:00:00,89.00976110280672
2016-12-24 09:00:00,87.81423940858058
2016-12-24 10:00:00,83.64394940254681
2016-12-24 11:00:00,81.9059595900595
2016-12-24 12:00:00,82.15184176780554
2016-12-24 13:00:00,82.06445425698853
2016-12-24 14:00:00,83.16469091102019
2016-12-24 15:00:00,86.19895851739611
2016-12-24 16:00:00,90.21749040738952
2016-12-24 17:00:00,89.32588054965292
2016-12-24 18:00:00,88.14598653024684
2016-12-24 19:00:00,87.42030776760441
2016-12-24 20:00:00,84.58731382827189
2016-12-24 21:00:00,80.0685755302863
2016-12-24 22:00:00,77.17784790171302
2016-12-24 23:00:00,75.62120524090967
2016-12-25 00:00:00,73.90546022746524
2016-12-25 01:00:00,73.22256774921469
2016-12-25 02:00:00,74.73126732301479
2016-12-25 03:00:00,75.31825312633262
2016-12-25 04:00:00,76.30489086177923
2016-12-25 05:00:00,76.82609632929226
2016-12-25 06:00:00,74.79505070694492
2016-12-25 07:00:00,73.98147494737258
2016-12-25 08:00:00,74.94455257942496
2016-12-25 09:00:00,74.070967569313
2016-12-25 10:00:00,69.85722533464494
2016-12-25 11:00:00,68.16653474047665
2016-12-25 12:00:00,67.13968473044595
2016-12-25 13:00:00,68.30623095526724
2016-12-25 14:00:00,66.81065294150334
2016-12-25 15:00:00,65.60173030464965
2016-12-25 16:00:00,60.36593266178612
2016-12-25 17:00:00,57.50479972804145
2016-12-25 18:00:00,58.26334340583194
2016-12-25 19:00:00,62.93303921738787
2016-12-25 20:00:00,67.34182025338433
2016-12-25 21:00:00,70.15609191971535
2016-12-25 22:00:00,76.39707332795736
2016-12-25 23:00:00,78.34154421511056
2016-12-26 00:00:00,75.68607380921556
2016-12-26 01:00:00,74.30036779394408
2016-12-26 02:00:00,72.108104264714
2016-12-26 03:00:00,70.82880742505492
2016-12-26 04:00:00,70.01139574414323
2016-12-26 05:00:00,77.54158032092845
2016-12-26 06:00:00,81.82667974477485
2016-12-26 07:00:00,84.66351870246798
2016-12-26 08:00:00,90.4566907830403
2016-12-26 09:00:00,90.01495099432826
2016-12-26 10:00:00,86.59201090314443
2016-12-26 11:00:00,81.89074411787193
2016-12-26 12:00:00,81.68777016247424
2016-12-26 13:00:00,83.39461859011568
2016-12-26 14:00:00,83.27512084390447
2016-12-26 15:00:00,83.90855608360881
2016-12-26 16:00:00,79.75171691740618
2016-12-26 17:00:00,75.75722896358657
2016-12-26 18:00:00,74.04654751490928
2016-12-26 19:00:00,74.59370411309227
2016-12-26 20:00:00,75.65759585242841
2016-12-26 21:00:00,73.85401913827417
2016-12-26 22:00:00,74.92273287230022
2016-12-26 23:00:00,76.97446031883841
2016-12-27 00:00:00,75.95351262485585
2016-12-27 01:00:00,74.80928809825868
2016-12-27 02:00:00,70.11635342031211
2016-12-27 03:00:00,68.491065823648
2016-12-27 04:00:00,72.35590591467476
2016-12-27 05:00:00,83.37446736308817
2016-12-27 06:00:00,88.057496543888
2016-12-27 07:00:00,88.37682049123711
2016-12-27 08:00:00,93.5545604242813
2016-12-27 09:00:00,97.50559049168926
2016-12-27 10:00:00,97.52420942774562
2016-12-27 11:00:00,96.6268446115156
2016-12-27 12:00:00,99.69356130365016
2016-12-27 13:00:00,102.18331995040435
2016-12-27 14:00:00,103.14336139662888
2016-12-27 15:00:00,102.95110243554583
2016-12-27 16:00:00,99.13960866107888
2016-12-27 17:00:00,95.35785105366996
2016-12-27 18:00:00,91.94211814519535
2016-12-27 19:00:00,87.12472986916856
2016-12-27 20:00:00,79.25315446203727
2016-12-27 21:00:00,70.52101328651783
2016-12-27 22:00:00,67.70748019113542
2016-12-27 23:00:00,66.18214074406026
2016-12-28 00:00:00,63.56739040941157
2016-12-28 01:00:00,64.60788993869197
2016-12-28 02:00:00,60.64612661534105
2016-12-28 03:00:00,62.401831396184804
2016-12-28 04:00:00,68.93463825320299
2016-12-28 05:00:00,82.65799535055625
2016-12-28 06:00:00,89.28838192731372
2016-12-28 07:00:00,90.22005380848388
2016-12-28 08:00:00,96.9337773775949
2016-12-28 09:00:00,101.43904737821185
2016-12-28 10:00:00,103.67469185441664
2016-12-28 11:00:00,102.99392302629325
2016-12-28 12:00:00,103.87433918674223
2016-12-28 13:00:00,104.19664062768256
2016-12-28 14:00:00,107.43896341765033
2016-12-28 15:00:00,109.22799700339118
2016-12-28 16:00:00,107.66711510928822
2016-12-28 17:00:00,102.7356757800112
2016-12-28 18:00:00,96.01578936117981
2016-12-28 19:00:00,90.56443935895118
2016-12-28 20:00:00,81.7139029581496
2016-12-28 21:00:00,70.04173886526449
2016-12-28 22:00:00,65.67625999150019
2016-12-28 23:00:00,63.4758033221833
2016-12-29 00:00:00,61.769918854928875
2016-12-29 01:00:00,60.52184077858797
2016-12-29 02:00:00,58.37015950253853
2016-12-29 03:00:00,60.134807595867045
2016-12-29 04:00:00,67.89511183728555
2016-12-29 05:00:00,81.6402347330645
2016-12-29 06:00:00,87.10602256468991
2016-12-29 07:00:00,91.00468818377173
2016-12-29 08:00:00,98.33284833174362
2016-12-29 09:00:00,101.95604109356789
2016-12-29 10:00:00,105.24224389542272
2016-12-29 11:00:00,104.67659925367904
2016-12-29 12:00:00,106.84623153736108
2016-12-29 13:00:00,106.64361861988071
2016-12-29 14:00:00,107.2617748269149
2016-12-29 15:00:00,107.24770185185695
2016-12-29 16:00:00,104.2722388220352
2016-12-29 17:00:00,101.54134977171233
2016-12-29 18:00:00,95.0349008101673
2016-12-29 19:00:00,87.76028675114239
2016-12-29 20:00:00,77.99925164153063
2016-12-29 21:00:00,66.57711831080468
2016-12-29 22:00:00,61.82277125960639
2016-12-29 23:00:00,59.99195469667803
2016-12-30 00:00:00,58.02810733359835
2016-12-30 01:00:00,58.392800679213266
2016-12-30 02:00:00,60.059421719323076
2016-12-30 03:00:00,60.13104312934018
2016-12-30 04:00:00,65.15321663055471
2016-12-30 05:00:00,78.63741077119288
2016-12-30 06:00:00,84.5622220440519
2016-12-30 07:00:00,87.98511192905062
2016-12-30 08:00:00,90.8442218914149
2016-12-30 09:00:00,97.98415359068461
2016-12-30 10:00:00,104.08198853683109
2016-12-30 11:00:00,104.91890639416188
2016-12-30 12:00:00,108.70859266993301
2016-12-30 13:00:00,108.5382998666659
2016-12-30 14:00:00,107.05958608582056
2016-12-30 15:00:00,106.56256027629328
2016-12-30 16:00:00,104.31254240209084
2016-12-30 17:00:00,100.53188494259682
2016-12-30 18:00:00,96.2234215894123
2016-12-30 19:00:00,90.27527728056826
2016-12-30 20:00:00,78.77781041560976
2016-12-30 21:00:00,64.25076411914281
2016-12-30 22:00:00,56.80459497168108
2016-12-30 23:00:00,55.561066897434145
2016-12-31 00:00:00,54.95563878196987
2016-12-31 01:00:00,55.331180629088834
2016-12-31 02:00:00,54.64673323086985
2016-12-31 03:00:00,56.98689729147903
2016-12-31 04:00:00,64.41552370120607
2016-12-31 05:00:00,77.2263720745269
2016-12-31 06:00:00,82.93840279485433
2016-12-31 07:00:00,85.01060778866473
2016-12-31 08:00:00,86.97362706972393
2016-12-31 09:00:00,85.82239640446029
2016-12-31 10:00:00,85.67864938902103
2016-12-31 11:00:00,83.55630066948812
2016-12-31 12:00:00,84.3762006641978
2016-12-31 13:00:00,82.39839240777785
2016-12-31 14:00:00,80.33976975571352
2016-12-31 15:00:00,79.66420921435652
2016-12-31 16:00:00,79.96202052295372
2016-12-31 17:00:00,78.03119996609436
2016-12-31 18:00:00,77.43224520128379
2016-12-31 19:00:00,75.85462927529343
2016-12-31 20:00:00,71.47965880114894
2016-12-31 21:00:00,64.35561064739439
2016-12-31 22:00:00,57.90966409397693
2016-12-31 23:00:00,55.58768978626278
