timestamp,meter_reading
2016-10-19 19:00:00,553.4475485262976
2016-10-19 20:00:00,571.348632284613
2016-10-19 21:00:00,524.6887708957413
2016-10-19 22:00:00,487.9591669143095
2016-10-19 23:00:00,516.6357859278147
2016-10-20 00:00:00,468.33674327688806
2016-10-20 01:00:00,480.6332618142669
2016-10-20 02:00:00,481.7107986306575
2016-10-20 03:00:00,472.69903051012096
2016-10-20 04:00:00,471.36502942948
2016-10-20 05:00:00,488.9758516474579
2016-10-20 06:00:00,506.0492396019558
2016-10-20 07:00:00,530.9555428598427
2016-10-20 08:00:00,597.9436482576945
2016-10-20 09:00:00,656.1009926781809
2016-10-20 10:00:00,638.0120534928319
2016-10-20 11:00:00,698.5260895200694
2016-10-20 12:00:00,687.1879152015451
2016-10-20 13:00:00,692.9947370526836
2016-10-20 14:00:00,687.9431699026684
2016-10-20 15:00:00,686.3149352656382
2016-10-20 16:00:00,657.6676975754883
2016-10-20 17:00:00,637.0776502160332
2016-10-20 18:00:00,608.9922204754689
2016-10-20 19:00:00,567.9999680911527
2016-10-20 20:00:00,563.6612260616714
2016-10-20 21:00:00,569.1184891469719
2016-10-20 22:00:00,502.9519118845635
2016-10-20 23:00:00,532.7928645400941
2016-10-21 00:00:00,519.2475335982062
2016-10-21 01:00:00,508.9834640317168
2016-10-21 02:00:00,491.3717069515984
2016-10-21 03:00:00,490.726188035059
2016-10-21 04:00:00,478.5180416314112
2016-10-21 05:00:00,545.6651849016907
2016-10-21 06:00:00,513.7594936778569
2016-10-21 07:00:00,555.6625309562135
2016-10-21 08:00:00,594.4221280641996
2016-10-21 09:00:00,618.7036842542057
2016-10-21 10:00:00,640.6909409233245
2016-10-21 11:00:00,662.2365374195296
2016-10-21 12:00:00,701.1465901608871
2016-10-21 13:00:00,662.6521783168064
2016-10-21 14:00:00,679.4287625558464
2016-10-21 15:00:00,664.6907346971465
2016-10-21 16:00:00,620.0695085132129
2016-10-21 17:00:00,620.4176795109302
2016-10-21 18:00:00,624.5827630393829
2016-10-21 19:00:00,578.6465674845256
2016-10-21 20:00:00,545.8204464591489
2016-10-21 21:00:00,552.2387957328051
2016-10-21 22:00:00,525.484756921999
2016-10-21 23:00:00,505.1053331065054
2016-10-22 00:00:00,466.09718780746493
2016-10-22 01:00:00,477.06085606047884
2016-10-22 02:00:00,489.9897054540694
2016-10-22 03:00:00,515.7626414644678
2016-10-22 04:00:00,475.8780735165377
2016-10-22 05:00:00,482.6497292052838
2016-10-22 06:00:00,512.3496051346639
2016-10-22 07:00:00,501.06931548611345
2016-10-22 08:00:00,500.0459972552972
2016-10-22 09:00:00,535.3337607929479
2016-10-22 10:00:00,569.7440708328324
2016-10-22 11:00:00,543.1369942462665
2016-10-22 12:00:00,583.5605494497223
2016-10-22 13:00:00,605.84164480215
2016-10-22 14:00:00,600.8792702390821
2016-10-22 15:00:00,621.1227781776531
2016-10-22 16:00:00,579.1239773665301
2016-10-22 17:00:00,554.4216820627863
2016-10-22 18:00:00,574.9713465364732
2016-10-22 19:00:00,551.5223702262251
2016-10-22 20:00:00,537.5282449475296
2016-10-22 21:00:00,495.5480806534752
2016-10-22 22:00:00,488.4446513915491
2016-10-22 23:00:00,493.6953211039505
2016-10-23 00:00:00,479.7599186233016
2016-10-23 01:00:00,486.47237457903225
2016-10-23 02:00:00,488.7637537495233
2016-10-23 03:00:00,473.96799910343327
2016-10-23 04:00:00,457.3721398379206
2016-10-23 05:00:00,482.8861125828691
2016-10-23 06:00:00,485.60949711168115
2016-10-23 07:00:00,521.924006922146
2016-10-23 08:00:00,527.5839104964335
2016-10-23 09:00:00,499.866356511535
2016-10-23 10:00:00,516.7294331827586
2016-10-23 11:00:00,532.8267923681534
2016-10-23 12:00:00,552.9476572951755
2016-10-23 13:00:00,592.2790847743133
2016-10-23 14:00:00,532.8345435396297
2016-10-23 15:00:00,566.4552768529695
2016-10-23 16:00:00,567.7233093363681
2016-10-23 17:00:00,527.0842472272675
2016-10-23 18:00:00,521.0778234885016
2016-10-23 19:00:00,552.0464179810479
2016-10-23 20:00:00,527.7326037490856
2016-10-23 21:00:00,496.7761371495476
2016-10-23 22:00:00,511.5903567646679
2016-10-23 23:00:00,467.34355901818725
2016-10-24 00:00:00,455.84479873228514
2016-10-24 01:00:00,436.20292027864275
2016-10-24 02:00:00,428.6204818151635
2016-10-24 03:00:00,455.44411854520956
2016-10-24 04:00:00,448.3711280246477
2016-10-24 05:00:00,421.79926674200044
2016-10-24 06:00:00,451.89004166210043
2016-10-24 07:00:00,493.71458626884885
2016-10-24 08:00:00,479.6715137116575
2016-10-24 09:00:00,541.6249121336472
2016-10-24 10:00:00,569.150796463917
2016-10-24 11:00:00,613.1564417554911
2016-10-24 12:00:00,632.5931688552158
2016-10-24 13:00:00,654.6703001015571
2016-10-24 14:00:00,616.91171777276
2016-10-24 15:00:00,661.9135023140489
2016-10-24 16:00:00,626.2964572174913
2016-10-24 17:00:00,592.9778337104757
2016-10-24 18:00:00,567.0595396230551
2016-10-24 19:00:00,573.541517291402
2016-10-24 20:00:00,547.8672703593209
2016-10-24 21:00:00,527.9990823637287
2016-10-24 22:00:00,506.11707998358366
2016-10-24 23:00:00,474.1536036404256
2016-10-25 00:00:00,481.9477697025726
2016-10-25 01:00:00,480.31880910405545
2016-10-25 02:00:00,486.5248798764924
2016-10-25 03:00:00,481.5381486102812
2016-10-25 04:00:00,465.92488195809864
2016-10-25 05:00:00,471.46136181480944
2016-10-25 06:00:00,486.31620966662484
2016-10-25 07:00:00,519.5608188914655
2016-10-25 08:00:00,550.7487331864394
2016-10-25 09:00:00,622.4892598781239
2016-10-25 10:00:00,624.0498124190874
2016-10-25 11:00:00,653.25469764543
2016-10-25 12:00:00,689.1721151702941
2016-10-25 13:00:00,698.1003731053685
2016-10-25 14:00:00,692.4326821596711
2016-10-25 15:00:00,697.2230651831876
2016-10-25 16:00:00,672.3788276219599
2016-10-25 17:00:00,631.5189572700099
2016-10-25 18:00:00,615.741160704931
2016-10-25 19:00:00,599.2353346320077
2016-10-25 20:00:00,558.9669333577062
2016-10-25 21:00:00,546.7281420958708
2016-10-25 22:00:00,565.0861874602884
2016-10-25 23:00:00,515.0158840800747
2016-10-26 00:00:00,490.13214362122534
2016-10-26 01:00:00,477.3727421628246
2016-10-26 02:00:00,443.9145714712763
2016-10-26 03:00:00,493.6708716788983
2016-10-26 04:00:00,449.0125573100112
2016-10-26 05:00:00,489.75917207040567
2016-10-26 06:00:00,483.58666629039766
2016-10-26 07:00:00,516.6411604695686
2016-10-26 08:00:00,529.948856939127
2016-10-26 09:00:00,608.5171756538658
2016-10-26 10:00:00,645.5119315600571
2016-10-26 11:00:00,647.3774662186488
2016-10-26 12:00:00,678.9312154844291
2016-10-26 13:00:00,673.8885931961939
2016-10-26 14:00:00,684.5635130526005
2016-10-26 15:00:00,660.7387145371871
2016-10-26 16:00:00,663.9195212636246
2016-10-26 17:00:00,658.9523076246492
2016-10-26 18:00:00,608.5981284143979
2016-10-26 19:00:00,590.3333208773648
2016-10-26 20:00:00,575.5496013235054
2016-10-26 21:00:00,536.6450396912669
2016-10-26 22:00:00,561.5143610193726
2016-10-26 23:00:00,526.8887525314461
2016-10-27 00:00:00,490.98729742920324
2016-10-27 01:00:00,457.18004664179784
2016-10-27 02:00:00,467.91257800607326
2016-10-27 03:00:00,475.94258044896117
2016-10-27 04:00:00,464.51595804747905
2016-10-27 05:00:00,470.35033918703215
2016-10-27 06:00:00,483.4726236355613
2016-10-27 07:00:00,528.7275616155505
2016-10-27 08:00:00,533.1510341676313
2016-10-27 09:00:00,589.3107322506695
2016-10-27 10:00:00,629.0618692324507
2016-10-27 11:00:00,645.9522564803965
2016-10-27 12:00:00,654.0919969453037
2016-10-27 13:00:00,673.7669777304409
2016-10-27 14:00:00,672.7758201726379
2016-10-27 15:00:00,666.3791686462382
2016-10-27 16:00:00,635.3939287440988
2016-10-27 17:00:00,648.4516687796364
2016-10-27 18:00:00,607.8699159737575
2016-10-27 19:00:00,585.3857641694312
2016-10-27 20:00:00,593.1064456257543
2016-10-27 21:00:00,536.5857578451462
2016-10-27 22:00:00,491.16589387037976
2016-10-27 23:00:00,514.0365331790643
2016-10-28 00:00:00,510.26818642391123
2016-10-28 01:00:00,433.39918453888646
2016-10-28 02:00:00,478.05738958633276
2016-10-28 03:00:00,478.010878460512
2016-10-28 04:00:00,474.7202401492271
2016-10-28 05:00:00,458.02736262448144
2016-10-28 06:00:00,497.520861351147
2016-10-28 07:00:00,535.1803725015794
2016-10-28 08:00:00,548.7212166980243
2016-10-28 09:00:00,569.4721122571276
2016-10-28 10:00:00,623.4533676211668
2016-10-28 11:00:00,643.3641967080217
2016-10-28 12:00:00,632.8150932257865
2016-10-28 13:00:00,655.5477120021482
2016-10-28 14:00:00,646.1022804538434
2016-10-28 15:00:00,641.8036562386451
2016-10-28 16:00:00,656.8965255279684
2016-10-28 17:00:00,621.1533935223059
2016-10-28 18:00:00,569.9128474930811
2016-10-28 19:00:00,593.964120433653
2016-10-28 20:00:00,547.3434197785305
2016-10-28 21:00:00,520.8318055161814
2016-10-28 22:00:00,488.22750769133756
2016-10-28 23:00:00,501.708306187513
2016-10-29 00:00:00,481.72357968930436
2016-10-29 01:00:00,439.3677616496115
2016-10-29 02:00:00,459.2335761292507
2016-10-29 03:00:00,447.7863654007273
2016-10-29 04:00:00,457.361416552362
2016-10-29 05:00:00,479.24485076765296
2016-10-29 06:00:00,495.3768537919049
2016-10-29 07:00:00,504.1616860403987
2016-10-29 08:00:00,516.0263730762903
2016-10-29 09:00:00,540.5955859285502
2016-10-29 10:00:00,552.741779707551
2016-10-29 11:00:00,536.6319376977287
2016-10-29 12:00:00,584.9569368684765
2016-10-29 13:00:00,599.1548304545319
2016-10-29 14:00:00,561.8571108062174
2016-10-29 15:00:00,564.0669994151797
2016-10-29 16:00:00,596.3986660125631
2016-10-29 17:00:00,547.8052395210591
2016-10-29 18:00:00,533.489805322274
2016-10-29 19:00:00,537.6002577348927
2016-10-29 20:00:00,524.5715828121187
2016-10-29 21:00:00,482.1878130835975
2016-10-29 22:00:00,486.3157510977636
2016-10-29 23:00:00,467.6851009352378
2016-10-30 00:00:00,442.586682309644
2016-10-30 01:00:00,441.2105675984356
2016-10-30 02:00:00,490.8301283584498
2016-10-30 03:00:00,449.5086575226818
2016-10-30 04:00:00,448.18111489525864
2016-10-30 05:00:00,461.1043355111258
2016-10-30 06:00:00,431.05616172626594
2016-10-30 07:00:00,473.9753719170099
2016-10-30 08:00:00,420.4316857776507
2016-10-30 09:00:00,479.4762409860074
2016-10-30 10:00:00,517.7810737751223
2016-10-30 11:00:00,505.00726768603806
2016-10-30 12:00:00,498.0290727061445
2016-10-30 13:00:00,521.5540796760196
2016-10-30 14:00:00,533.4133180948594
2016-10-30 15:00:00,498.43031696459485
2016-10-30 16:00:00,509.56130279719514
2016-10-30 17:00:00,498.766296141798
2016-10-30 18:00:00,502.22906707955053
2016-10-30 19:00:00,481.34824426810275
2016-10-30 20:00:00,492.0992407365955
2016-10-30 21:00:00,487.6083121788475
2016-10-30 22:00:00,468.19837508667416
2016-10-30 23:00:00,455.47971725211
2016-10-31 00:00:00,447.6638453526008
2016-10-31 01:00:00,419.59638914949215
2016-10-31 02:00:00,446.708320227418
2016-10-31 03:00:00,473.7808316859838
2016-10-31 04:00:00,438.5600777658336
2016-10-31 05:00:00,435.34785084702605
2016-10-31 06:00:00,424.2342626138637
2016-10-31 07:00:00,481.93682544626716
2016-10-31 08:00:00,490.14700209114005
2016-10-31 09:00:00,504.6654449918457
2016-10-31 10:00:00,565.5868989065494
2016-10-31 11:00:00,576.3024219796696
2016-10-31 12:00:00,564.5419747916991
2016-10-31 13:00:00,586.1376271807453
2016-10-31 14:00:00,597.8523448563757
2016-10-31 15:00:00,606.1274996203982
2016-10-31 16:00:00,585.6082534662028
2016-10-31 17:00:00,532.8136785332705
2016-10-31 18:00:00,539.2851403071414
2016-10-31 19:00:00,524.576800940699
2016-10-31 20:00:00,518.8359257758768
2016-10-31 21:00:00,539.1217496412336
2016-10-31 22:00:00,466.75981211347715
2016-10-31 23:00:00,463.57113904100606
2016-11-01 00:00:00,474.6881116503536
2016-11-01 01:00:00,463.86801938221834
2016-11-01 02:00:00,438.6056069703989
2016-11-01 03:00:00,456.83240947604116
2016-11-01 04:00:00,489.94722370019895
2016-11-01 05:00:00,437.5747725321874
2016-11-01 06:00:00,510.03467355622365
2016-11-01 07:00:00,495.18392089072154
2016-11-01 08:00:00,548.7119667580868
2016-11-01 09:00:00,564.8889332996318
2016-11-01 10:00:00,607.9361396935608
2016-11-01 11:00:00,629.4316879594077
2016-11-01 12:00:00,652.9651196146456
2016-11-01 13:00:00,628.912350825463
2016-11-01 14:00:00,653.4735269272402
2016-11-01 15:00:00,645.6741997566048
2016-11-01 16:00:00,623.3517252886456
2016-11-01 17:00:00,580.3419409629863
2016-11-01 18:00:00,555.1977470302536
2016-11-01 19:00:00,552.9715828121066
2016-11-01 20:00:00,567.8524692267277
2016-11-01 21:00:00,559.4160522358087
2016-11-01 22:00:00,507.2621200458226
2016-11-01 23:00:00,533.138659004538
2016-11-02 00:00:00,494.7587983740724
2016-11-02 01:00:00,459.3491108749931
2016-11-02 02:00:00,458.9708860711192
2016-11-02 03:00:00,478.6076003670232
2016-11-02 04:00:00,473.25344400609697
2016-11-02 05:00:00,473.30841895632784
2016-11-02 06:00:00,495.9587270908344
2016-11-02 07:00:00,539.9917341861409
2016-11-02 08:00:00,559.8183672944077
2016-11-02 09:00:00,616.4168681245757
2016-11-02 10:00:00,643.8873239137009
2016-11-02 11:00:00,655.8566736151902
2016-11-02 12:00:00,692.5370924704368
2016-11-02 13:00:00,706.8241614122197
2016-11-02 14:00:00,697.6999313726476
2016-11-02 15:00:00,657.9918285747217
2016-11-02 16:00:00,652.1495576682098
2016-11-02 17:00:00,641.697669234129
2016-11-02 18:00:00,584.7828587044642
2016-11-02 19:00:00,599.0948524056566
2016-11-02 20:00:00,581.6556751994433
2016-11-02 21:00:00,545.7621294293866
2016-11-02 22:00:00,539.606859432404
2016-11-02 23:00:00,521.8391499118297
2016-11-03 00:00:00,510.6198280476278
2016-11-03 01:00:00,466.666261418231
2016-11-03 02:00:00,495.1850783772916
2016-11-03 03:00:00,480.1684732534746
2016-11-03 04:00:00,472.08275913804295
2016-11-03 05:00:00,500.3334240461273
2016-11-03 06:00:00,520.993918689957
2016-11-03 07:00:00,562.167268181193
2016-11-03 08:00:00,597.7669277672878
2016-11-03 09:00:00,643.0699642581869
2016-11-03 10:00:00,649.2132521502061
2016-11-03 11:00:00,694.6187859454732
2016-11-03 12:00:00,685.749240397669
2016-11-03 13:00:00,705.9932763112635
2016-11-03 14:00:00,697.290626772957
2016-11-03 15:00:00,689.204371993182
2016-11-03 16:00:00,649.0211464972689
2016-11-03 17:00:00,655.9232935897879
2016-11-03 18:00:00,634.6124257749774
2016-11-03 19:00:00,593.7032659718336
2016-11-03 20:00:00,566.0415667632448
2016-11-03 21:00:00,557.1106460577618
2016-11-03 22:00:00,547.4000491562638
2016-11-03 23:00:00,511.2040549069662
2016-11-04 00:00:00,523.1809352635419
2016-11-04 01:00:00,496.10381018811034
2016-11-04 02:00:00,493.2205327060039
2016-11-04 03:00:00,499.40250674361124
2016-11-04 04:00:00,510.20036842456153
2016-11-04 05:00:00,513.8474823032954
2016-11-04 06:00:00,527.4427682245595
2016-11-04 07:00:00,558.632313963248
2016-11-04 08:00:00,593.593046383765
2016-11-04 09:00:00,605.7183092252135
2016-11-04 10:00:00,639.4982889138915
2016-11-04 11:00:00,669.9974909669146
2016-11-04 12:00:00,685.996884099214
2016-11-04 13:00:00,681.9356941231069
2016-11-04 14:00:00,689.2515339067779
2016-11-04 15:00:00,688.3906695598371
2016-11-04 16:00:00,633.5233609152905
2016-11-04 17:00:00,632.7198963760982
2016-11-04 18:00:00,603.8772926176442
2016-11-04 19:00:00,611.5273536312312
2016-11-04 20:00:00,569.1818155769798
2016-11-04 21:00:00,537.7396052807497
2016-11-04 22:00:00,512.7006259470912
2016-11-04 23:00:00,503.32686076337177
2016-11-05 00:00:00,498.8895001816019
2016-11-05 01:00:00,499.06335124022075
2016-11-05 02:00:00,473.5759774062381
2016-11-05 03:00:00,471.700297515765
2016-11-05 04:00:00,495.9727294690513
2016-11-05 05:00:00,468.28828313049
2016-11-05 06:00:00,463.9094218226526
2016-11-05 07:00:00,519.0206501763889
2016-11-05 08:00:00,539.9767780706455
2016-11-05 09:00:00,559.1607852297292
2016-11-05 10:00:00,590.7379810814192
2016-11-05 11:00:00,541.3093573293212
2016-11-05 12:00:00,552.960476772605
2016-11-05 13:00:00,576.615084797053
2016-11-05 14:00:00,544.8638563548453
2016-11-05 15:00:00,547.2924175935912
2016-11-05 16:00:00,541.8210903310552
2016-11-05 17:00:00,521.0450556168138
2016-11-05 18:00:00,559.6493060598585
2016-11-05 19:00:00,542.214158970255
2016-11-05 20:00:00,503.2311446622523
2016-11-05 21:00:00,461.40173334945865
2016-11-05 22:00:00,467.4204023244219
2016-11-05 23:00:00,486.86188218716177
2016-11-06 00:00:00,454.3365908214472
2016-11-06 01:00:00,498.2170659340051
2016-11-06 02:00:00,436.16821981028187
2016-11-06 03:00:00,457.8877463524508
2016-11-06 04:00:00,439.9687899160857
2016-11-06 05:00:00,445.5249397450022
2016-11-06 06:00:00,437.40331361212446
2016-11-06 07:00:00,440.60303102164204
2016-11-06 08:00:00,483.52122621139796
2016-11-06 09:00:00,490.18761165577484
2016-11-06 10:00:00,484.4238812154164
2016-11-06 11:00:00,510.79504529567265
2016-11-06 12:00:00,512.6873098281893
2016-11-06 13:00:00,540.8738179251875
2016-11-06 14:00:00,550.083589733325
2016-11-06 15:00:00,537.862374187355
2016-11-06 16:00:00,532.5203737072055
2016-11-06 17:00:00,559.6342313534186
2016-11-06 18:00:00,510.53077165337885
2016-11-06 19:00:00,509.5362736348687
2016-11-06 20:00:00,485.0072137336433
2016-11-06 21:00:00,513.6094105289479
2016-11-06 22:00:00,467.8611437035452
2016-11-06 23:00:00,435.32616719553135
2016-11-07 00:00:00,423.74180559902885
2016-11-07 01:00:00,448.86636160288924
2016-11-07 02:00:00,472.3834352161491
2016-11-07 03:00:00,458.0039313533086
2016-11-07 04:00:00,449.0869496834338
2016-11-07 05:00:00,435.77499985728645
2016-11-07 06:00:00,465.61275514295187
2016-11-07 07:00:00,496.71533378514926
2016-11-07 08:00:00,488.2428159212599
2016-11-07 09:00:00,571.2133456580166
2016-11-07 10:00:00,606.3777138785185
2016-11-07 11:00:00,618.2849710802916
2016-11-07 12:00:00,643.6748636376095
2016-11-07 13:00:00,626.097838945986
2016-11-07 14:00:00,611.809930519747
2016-11-07 15:00:00,651.3497963012871
2016-11-07 16:00:00,594.8222274124282
2016-11-07 17:00:00,622.6722561722256
2016-11-07 18:00:00,562.6464956192806
2016-11-07 19:00:00,587.3279914824451
2016-11-07 20:00:00,524.9672418141447
2016-11-07 21:00:00,554.2067616387625
2016-11-07 22:00:00,545.6489698927558
2016-11-07 23:00:00,460.89617632703886
2016-11-08 00:00:00,449.8857551814461
2016-11-08 01:00:00,460.3454854778768
2016-11-08 02:00:00,467.4528428599635
2016-11-08 03:00:00,459.5839717778088
2016-11-08 04:00:00,470.8150545963187
2016-11-08 05:00:00,471.33833375199316
2016-11-08 06:00:00,515.8167508926992
2016-11-08 07:00:00,518.4660945595919
2016-11-08 08:00:00,584.4794183045406
2016-11-08 09:00:00,598.8319214420558
2016-11-08 10:00:00,668.2369773047278
2016-11-08 11:00:00,678.9133103359765
2016-11-08 12:00:00,688.8564497191547
2016-11-08 13:00:00,711.0987980286905
2016-11-08 14:00:00,689.7891707473428
2016-11-08 15:00:00,692.3667479910291
2016-11-08 16:00:00,696.7119746872424
2016-11-08 17:00:00,677.570537416252
2016-11-08 18:00:00,619.6524740018634
2016-11-08 19:00:00,617.0943214988846
2016-11-08 20:00:00,557.0994721409643
2016-11-08 21:00:00,544.082221165496
2016-11-08 22:00:00,526.6389632070546
2016-11-08 23:00:00,522.0733815289163
2016-11-09 00:00:00,490.51674831748784
2016-11-09 01:00:00,488.85677377576565
2016-11-09 02:00:00,464.85240639018167
2016-11-09 03:00:00,498.26897187533507
2016-11-09 04:00:00,485.53863291416775
2016-11-09 05:00:00,498.53585000375955
2016-11-09 06:00:00,506.5659943092673
2016-11-09 07:00:00,544.3256405405425
2016-11-09 08:00:00,569.6165581977796
2016-11-09 09:00:00,622.4451099515209
2016-11-09 10:00:00,632.2240268486862
2016-11-09 11:00:00,670.4903834376662
2016-11-09 12:00:00,698.1036564006168
2016-11-09 13:00:00,692.2710454044317
2016-11-09 14:00:00,712.715233263237
2016-11-09 15:00:00,684.0363420209959
2016-11-09 16:00:00,663.2676267253078
2016-11-09 17:00:00,615.8864134739147
2016-11-09 18:00:00,593.2113269980063
2016-11-09 19:00:00,564.7308688982063
2016-11-09 20:00:00,532.4857204595777
2016-11-09 21:00:00,527.3746736663858
2016-11-09 22:00:00,515.7305689771229
2016-11-09 23:00:00,480.3766250673136
2016-11-10 00:00:00,461.85960509400127
2016-11-10 01:00:00,468.9149857787951
2016-11-10 02:00:00,449.01824482690716
2016-11-10 03:00:00,476.667525090206
2016-11-10 04:00:00,493.8336819573332
2016-11-10 05:00:00,516.1435892919491
2016-11-10 06:00:00,492.9288098478533
2016-11-10 07:00:00,550.3992389856322
2016-11-10 08:00:00,582.9956642831282
2016-11-10 09:00:00,613.2152759809994
2016-11-10 10:00:00,624.0738224939815
2016-11-10 11:00:00,657.6914853642307
2016-11-10 12:00:00,697.8124706689152
2016-11-10 13:00:00,687.6148240839811
2016-11-10 14:00:00,691.7427039097582
2016-11-10 15:00:00,669.634654508336
2016-11-10 16:00:00,653.8708511440435
2016-11-10 17:00:00,643.015885379196
2016-11-10 18:00:00,602.4826852242627
2016-11-10 19:00:00,582.0111656983717
2016-11-10 20:00:00,559.3124766438766
2016-11-10 21:00:00,566.1201957194558
2016-11-10 22:00:00,530.516963928063
2016-11-10 23:00:00,516.1582390599003
2016-11-11 00:00:00,462.70000913335184
2016-11-11 01:00:00,481.2526585638083
2016-11-11 02:00:00,485.11593956063723
2016-11-11 03:00:00,462.98773357232346
2016-11-11 04:00:00,491.6564341771642
2016-11-11 05:00:00,483.7480280005362
2016-11-11 06:00:00,516.7044556030012
2016-11-11 07:00:00,519.5064137108807
2016-11-11 08:00:00,545.4216628666205
2016-11-11 09:00:00,581.5855911597232
2016-11-11 10:00:00,632.363361926776
2016-11-11 11:00:00,643.0779786962551
2016-11-11 12:00:00,665.0920390713911
2016-11-11 13:00:00,678.2740197401132
2016-11-11 14:00:00,690.9456316616415
2016-11-11 15:00:00,662.2905670145149
2016-11-11 16:00:00,654.7017402859296
2016-11-11 17:00:00,629.0074607942328
2016-11-11 18:00:00,577.1132330002137
2016-11-11 19:00:00,589.837158444358
2016-11-11 20:00:00,538.5171461441264
2016-11-11 21:00:00,529.568187687267
2016-11-11 22:00:00,514.4789457305674
2016-11-11 23:00:00,503.33680148383587
2016-11-12 00:00:00,477.265887893189
2016-11-12 01:00:00,476.43365208001364
2016-11-12 02:00:00,485.92650149571233
2016-11-12 03:00:00,462.3229683673165
2016-11-12 04:00:00,462.8039189723784
2016-11-12 05:00:00,465.13117595672475
2016-11-12 06:00:00,481.0394903677626
2016-11-12 07:00:00,470.46671636831996
2016-11-12 08:00:00,512.6905260635538
2016-11-12 09:00:00,528.0400164850341
2016-11-12 10:00:00,566.4060284882568
2016-11-12 11:00:00,566.2351772692256
2016-11-12 12:00:00,585.214454481894
2016-11-12 13:00:00,571.7488622999596
2016-11-12 14:00:00,570.5778678467591
2016-11-12 15:00:00,603.8446343905454
2016-11-12 16:00:00,563.9957425479242
2016-11-12 17:00:00,552.2395884256649
2016-11-12 18:00:00,520.0263096943438
2016-11-12 19:00:00,516.6621172354941
2016-11-12 20:00:00,520.0912845207092
2016-11-12 21:00:00,501.1434593327471
2016-11-12 22:00:00,467.8192582840917
2016-11-12 23:00:00,495.0741814543716
2016-11-13 00:00:00,472.0923867581235
2016-11-13 01:00:00,456.42956416533303
2016-11-13 02:00:00,458.78718276279767
2016-11-13 03:00:00,448.12924597905055
2016-11-13 04:00:00,442.3893003693338
2016-11-13 05:00:00,437.44840037783086
2016-11-13 06:00:00,451.5031050372465
2016-11-13 07:00:00,467.97749174929226
2016-11-13 08:00:00,474.3092112436478
2016-11-13 09:00:00,518.0879101757312
2016-11-13 10:00:00,501.7460445423232
2016-11-13 11:00:00,501.33899046322324
2016-11-13 12:00:00,481.5315832490531
2016-11-13 13:00:00,517.0186642426715
2016-11-13 14:00:00,493.20321639066293
2016-11-13 15:00:00,524.865488750065
2016-11-13 16:00:00,528.4149907341297
2016-11-13 17:00:00,513.2962270781339
2016-11-13 18:00:00,514.8172298033862
2016-11-13 19:00:00,485.9990418187015
2016-11-13 20:00:00,480.0242555124547
2016-11-13 21:00:00,473.7203019553974
2016-11-13 22:00:00,435.3907308208373
2016-11-13 23:00:00,459.88529834325226
2016-11-14 00:00:00,418.7488135618343
2016-11-14 01:00:00,449.8338904945995
2016-11-14 02:00:00,426.7060868765406
2016-11-14 03:00:00,428.06881513048364
2016-11-14 04:00:00,416.77080857743135
2016-11-14 05:00:00,435.3515522159723
2016-11-14 06:00:00,429.705366674281
2016-11-14 07:00:00,467.4091333119932
2016-11-14 08:00:00,499.8877920166335
2016-11-14 09:00:00,531.057046673791
2016-11-14 10:00:00,533.7637250060936
2016-11-14 11:00:00,576.2272818621625
2016-11-14 12:00:00,575.4023361926481
2016-11-14 13:00:00,570.4830016655358
2016-11-14 14:00:00,573.3090928753704
2016-11-14 15:00:00,601.3578653562539
2016-11-14 16:00:00,591.0026431997036
2016-11-14 17:00:00,573.8176450504908
2016-11-14 18:00:00,543.5920207639914
2016-11-14 19:00:00,547.8495958716608
2016-11-14 20:00:00,533.3158488692823
2016-11-14 21:00:00,530.6585785054931
2016-11-14 22:00:00,488.8973250942998
2016-11-14 23:00:00,498.1511915921185
2016-11-15 00:00:00,484.741756092489
2016-11-15 01:00:00,464.5402968078359
2016-11-15 02:00:00,462.39083744447737
2016-11-15 03:00:00,445.0040881497605
2016-11-15 04:00:00,448.3810597365117
2016-11-15 05:00:00,483.28708505688695
2016-11-15 06:00:00,479.3600894670233
2016-11-15 07:00:00,493.8509687392205
2016-11-15 08:00:00,550.310306459295
2016-11-15 09:00:00,577.5416740328013
2016-11-15 10:00:00,619.6169252041421
2016-11-15 11:00:00,651.873667604715
2016-11-15 12:00:00,665.314876083168
2016-11-15 13:00:00,671.1743038560699
2016-11-15 14:00:00,684.5049651727356
2016-11-15 15:00:00,674.356653218788
2016-11-15 16:00:00,640.2302186524901
2016-11-15 17:00:00,644.749348260416
2016-11-15 18:00:00,636.6762758624577
2016-11-15 19:00:00,592.0588609125856
2016-11-15 20:00:00,550.2513696770483
2016-11-15 21:00:00,546.5220674248152
2016-11-15 22:00:00,516.6638651797801
2016-11-15 23:00:00,508.42958291991283
2016-11-16 00:00:00,466.93138432055724
2016-11-16 01:00:00,460.7236884693072
2016-11-16 02:00:00,454.35092346064533
2016-11-16 03:00:00,469.9621826619992
2016-11-16 04:00:00,466.4231195045092
2016-11-16 05:00:00,487.8591094483123
2016-11-16 06:00:00,510.00447818697836
2016-11-16 07:00:00,500.22627073898803
2016-11-16 08:00:00,541.5579242459505
2016-11-16 09:00:00,583.9719451305252
2016-11-16 10:00:00,635.6444834512889
2016-11-16 11:00:00,637.4574415367309
2016-11-16 12:00:00,681.3626813299492
2016-11-16 13:00:00,691.447296070251
2016-11-16 14:00:00,706.3746573982894
2016-11-16 15:00:00,693.6319653943976
2016-11-16 16:00:00,672.5092954635733
2016-11-16 17:00:00,622.0719210677803
2016-11-16 18:00:00,618.3047309184088
2016-11-16 19:00:00,600.4665317594817
2016-11-16 20:00:00,576.6245148503468
2016-11-16 21:00:00,535.323839137321
2016-11-16 22:00:00,520.9915430653984
2016-11-16 23:00:00,499.9678683748222
2016-11-17 00:00:00,452.27734946031705
2016-11-17 01:00:00,490.8195222143087
2016-11-17 02:00:00,456.7859029765781
2016-11-17 03:00:00,480.268841885959
2016-11-17 04:00:00,457.45918781842425
2016-11-17 05:00:00,479.73309405137593
2016-11-17 06:00:00,498.36220022802513
2016-11-17 07:00:00,520.9897381367814
2016-11-17 08:00:00,540.5197381134165
2016-11-17 09:00:00,576.0979449595585
2016-11-17 10:00:00,612.3602434748767
2016-11-17 11:00:00,669.2691364545427
2016-11-17 12:00:00,663.8156607378985
2016-11-17 13:00:00,688.369278270055
2016-11-17 14:00:00,672.3769318857485
2016-11-17 15:00:00,681.9560229102435
2016-11-17 16:00:00,655.0242633813878
2016-11-17 17:00:00,637.865098173655
2016-11-17 18:00:00,602.2440358983266
2016-11-17 19:00:00,607.5234301363485
2016-11-17 20:00:00,567.2241842140271
2016-11-17 21:00:00,514.4713368244984
2016-11-17 22:00:00,529.8916684431349
2016-11-17 23:00:00,499.27338693739307
2016-11-18 00:00:00,474.85102246477214
2016-11-18 01:00:00,458.6505432302847
2016-11-18 02:00:00,461.0841890114947
2016-11-18 03:00:00,471.49572375582676
2016-11-18 04:00:00,474.47219211976824
2016-11-18 05:00:00,472.969511054396
2016-11-18 06:00:00,515.7306166437991
2016-11-18 07:00:00,549.0581220724348
2016-11-18 08:00:00,560.8459595676569
2016-11-18 09:00:00,608.5004867434228
2016-11-18 10:00:00,611.2723785578863
2016-11-18 11:00:00,638.4758017791746
2016-11-18 12:00:00,669.4213020941099
2016-11-18 13:00:00,673.9876350968622
2016-11-18 14:00:00,660.0451842793568
2016-11-18 15:00:00,661.7425295522945
2016-11-18 16:00:00,633.0615306333806
2016-11-18 17:00:00,622.4087641026312
2016-11-18 18:00:00,583.3612100598917
2016-11-18 19:00:00,572.6596816750993
2016-11-18 20:00:00,572.5078242701891
2016-11-18 21:00:00,534.3692468378441
2016-11-18 22:00:00,501.04761998620995
2016-11-18 23:00:00,468.1890973553692
2016-11-19 00:00:00,476.37004353560644
2016-11-19 01:00:00,486.6005062299244
2016-11-19 02:00:00,479.2792149948714
2016-11-19 03:00:00,480.99809682816533
2016-11-19 04:00:00,471.76474282312154
2016-11-19 05:00:00,487.1950712621875
2016-11-19 06:00:00,493.9646915248984
2016-11-19 07:00:00,480.9970013793955
2016-11-19 08:00:00,491.0753594085201
2016-11-19 09:00:00,542.207185751029
2016-11-19 10:00:00,552.7876434608652
2016-11-19 11:00:00,564.7693994090189
2016-11-19 12:00:00,576.9244103029265
2016-11-19 13:00:00,562.1013714289638
2016-11-19 14:00:00,545.75387381309
2016-11-19 15:00:00,582.1975528988506
2016-11-19 16:00:00,572.2433274721492
2016-11-19 17:00:00,526.6745814436425
2016-11-19 18:00:00,542.1961318749302
2016-11-19 19:00:00,506.4374817509667
2016-11-19 20:00:00,492.17129677740735
2016-11-19 21:00:00,482.66383827341656
2016-11-19 22:00:00,510.7153923631681
2016-11-19 23:00:00,480.54602548882775
2016-11-20 00:00:00,458.308310878433
2016-11-20 01:00:00,470.30913416767055
2016-11-20 02:00:00,433.19064987380716
2016-11-20 03:00:00,452.46760063917037
2016-11-20 04:00:00,422.01389509659356
2016-11-20 05:00:00,449.53133795922355
2016-11-20 06:00:00,461.97277071522683
2016-11-20 07:00:00,458.60560389859165
2016-11-20 08:00:00,454.9599928389033
2016-11-20 09:00:00,470.53565398078905
2016-11-20 10:00:00,498.0156011704212
2016-11-20 11:00:00,450.2474750048767
2016-11-20 12:00:00,463.3195012398844
2016-11-20 13:00:00,466.66252310001596
2016-11-20 14:00:00,497.1408011725333
2016-11-20 15:00:00,479.9835417335169
2016-11-20 16:00:00,499.89622987037137
2016-11-20 17:00:00,533.583380493922
2016-11-20 18:00:00,506.0659451585822
2016-11-20 19:00:00,510.2503182984181
2016-11-20 20:00:00,496.5639094314942
2016-11-20 21:00:00,466.24188218449945
2016-11-20 22:00:00,495.73053619968033
2016-11-20 23:00:00,489.00520768591406
2016-11-21 00:00:00,447.35357975209223
2016-11-21 01:00:00,429.44610757842287
2016-11-21 02:00:00,421.4148118411292
2016-11-21 03:00:00,451.1927889039622
2016-11-21 04:00:00,425.63356655558596
2016-11-21 05:00:00,426.7433358630902
2016-11-21 06:00:00,464.88371087797555
2016-11-21 07:00:00,474.6774116160832
2016-11-21 08:00:00,482.2322622914372
2016-11-21 09:00:00,508.43939097528244
2016-11-21 10:00:00,548.9719009146155
2016-11-21 11:00:00,568.3600092438588
2016-11-21 12:00:00,592.7492634050614
2016-11-21 13:00:00,562.8050700665683
2016-11-21 14:00:00,586.7601208134809
2016-11-21 15:00:00,577.3166764444555
2016-11-21 16:00:00,573.5827057954929
2016-11-21 17:00:00,596.9650225605773
2016-11-21 18:00:00,546.1554091457594
2016-11-21 19:00:00,542.1233139179016
2016-11-21 20:00:00,529.7605197544464
2016-11-21 21:00:00,511.62729287620874
2016-11-21 22:00:00,490.2408719079231
2016-11-21 23:00:00,497.297622518115
2016-11-22 00:00:00,500.0356327368157
2016-11-22 01:00:00,457.79426580681894
2016-11-22 02:00:00,477.5243885486893
2016-11-22 03:00:00,453.24053456463025
2016-11-22 04:00:00,481.4208003737069
2016-11-22 05:00:00,446.0543386535186
2016-11-22 06:00:00,471.0595241829906
2016-11-22 07:00:00,512.8702466510421
2016-11-22 08:00:00,544.6521121583085
2016-11-22 09:00:00,561.1022475922896
2016-11-22 10:00:00,626.743214631722
2016-11-22 11:00:00,641.9967729941588
2016-11-22 12:00:00,628.0906057533433
2016-11-22 13:00:00,664.2133032192145
2016-11-22 14:00:00,641.606785854013
2016-11-22 15:00:00,655.9503434790885
2016-11-22 16:00:00,676.4674323907369
2016-11-22 17:00:00,635.4677027401043
2016-11-22 18:00:00,584.170194014911
2016-11-22 19:00:00,619.7435049779016
2016-11-22 20:00:00,568.5043875353243
2016-11-22 21:00:00,527.780620549804
2016-11-22 22:00:00,519.2015033949469
2016-11-22 23:00:00,495.0620004307661
2016-11-23 00:00:00,511.3523125390065
2016-11-23 01:00:00,491.4311469664943
2016-11-23 02:00:00,484.74147831186343
2016-11-23 03:00:00,477.8654284301813
2016-11-23 04:00:00,477.0314101669233
2016-11-23 05:00:00,526.6352476013109
2016-11-23 06:00:00,490.87351557864315
2016-11-23 07:00:00,543.4489077550364
2016-11-23 08:00:00,608.1407263391536
2016-11-23 09:00:00,628.9841340000422
2016-11-23 10:00:00,690.7441445200093
2016-11-23 11:00:00,669.0918211170595
2016-11-23 12:00:00,675.6222591645102
2016-11-23 13:00:00,743.9233694184657
2016-11-23 14:00:00,692.8152510471472
2016-11-23 15:00:00,686.2690255572753
2016-11-23 16:00:00,722.4282148235628
2016-11-23 17:00:00,660.3955165988368
2016-11-23 18:00:00,629.2296088625731
2016-11-23 19:00:00,611.0813007136915
2016-11-23 20:00:00,587.3133388511852
2016-11-23 21:00:00,521.3767133457948
2016-11-23 22:00:00,527.9685849391998
2016-11-23 23:00:00,498.3171302070703
2016-11-24 00:00:00,485.7149015208479
2016-11-24 01:00:00,482.7437635129732
2016-11-24 02:00:00,549.4131500511962
2016-11-24 03:00:00,489.0562509530282
2016-11-24 04:00:00,491.46236880185035
2016-11-24 05:00:00,504.16478944835524
2016-11-24 06:00:00,502.9275274887679
2016-11-24 07:00:00,545.2794329224636
2016-11-24 08:00:00,540.9216097353122
2016-11-24 09:00:00,602.1140383914777
2016-11-24 10:00:00,638.0517048568006
2016-11-24 11:00:00,666.9515642638183
2016-11-24 12:00:00,633.7141727563312
2016-11-24 13:00:00,678.9565638174294
2016-11-24 14:00:00,695.1564422793396
2016-11-24 15:00:00,626.6183013036936
2016-11-24 16:00:00,639.2142040432876
2016-11-24 17:00:00,620.2293079187018
2016-11-24 18:00:00,576.4574853400854
2016-11-24 19:00:00,543.234175416032
2016-11-24 20:00:00,548.2213780353442
2016-11-24 21:00:00,555.2509193245372
2016-11-24 22:00:00,496.1563210888301
2016-11-24 23:00:00,511.67432036432535
2016-11-25 00:00:00,491.02269460665525
2016-11-25 01:00:00,461.912324264191
2016-11-25 02:00:00,490.99501021729355
2016-11-25 03:00:00,500.92046359049687
2016-11-25 04:00:00,470.67104390444854
2016-11-25 05:00:00,451.21699369430024
2016-11-25 06:00:00,453.0330252641037
2016-11-25 07:00:00,500.33949581784367
2016-11-25 08:00:00,511.5240831315034
2016-11-25 09:00:00,539.4470922962008
2016-11-25 10:00:00,568.2893448740094
2016-11-25 11:00:00,561.0697236040728
2016-11-25 12:00:00,550.9940423068456
2016-11-25 13:00:00,571.48722795096
2016-11-25 14:00:00,604.6193290601664
2016-11-25 15:00:00,588.6558031508074
2016-11-25 16:00:00,593.9553530535577
2016-11-25 17:00:00,553.5434503713062
2016-11-25 18:00:00,557.7305450806127
2016-11-25 19:00:00,526.7604190990525
2016-11-25 20:00:00,515.3300704873942
2016-11-25 21:00:00,548.3626313047314
2016-11-25 22:00:00,518.3634402767657
2016-11-25 23:00:00,498.86716753226955
2016-11-26 00:00:00,474.6659270312952
2016-11-26 01:00:00,455.9636720144095
2016-11-26 02:00:00,419.78002028093863
2016-11-26 03:00:00,494.86890152863555
2016-11-26 04:00:00,494.19236329935836
2016-11-26 05:00:00,465.0215298462775
2016-11-26 06:00:00,473.4608477628268
2016-11-26 07:00:00,509.16104322705803
2016-11-26 08:00:00,522.3403878380885
2016-11-26 09:00:00,550.2709896109859
2016-11-26 10:00:00,552.3425751530566
2016-11-26 11:00:00,555.8925787534255
2016-11-26 12:00:00,538.0603257398257
2016-11-26 13:00:00,566.8684330559049
2016-11-26 14:00:00,591.4436642992034
2016-11-26 15:00:00,581.1192416269515
2016-11-26 16:00:00,554.5775639425559
2016-11-26 17:00:00,528.8134174502261
2016-11-26 18:00:00,510.51712062226267
2016-11-26 19:00:00,536.096317059142
2016-11-26 20:00:00,522.7158019585976
2016-11-26 21:00:00,559.1141315057447
2016-11-26 22:00:00,492.4205745738525
2016-11-26 23:00:00,532.9773232081158
2016-11-27 00:00:00,497.3110381541162
2016-11-27 01:00:00,487.3986223019366
2016-11-27 02:00:00,464.66579096854315
2016-11-27 03:00:00,495.1227997756372
2016-11-27 04:00:00,500.0144634406029
2016-11-27 05:00:00,472.28926429954726
2016-11-27 06:00:00,480.65092009822087
2016-11-27 07:00:00,485.91836039872857
2016-11-27 08:00:00,500.216453486985
2016-11-27 09:00:00,570.5986260709421
2016-11-27 10:00:00,531.6906462737852
2016-11-27 11:00:00,534.8645625861835
2016-11-27 12:00:00,557.2126795311525
2016-11-27 13:00:00,526.9309481079529
2016-11-27 14:00:00,580.8280729429318
2016-11-27 15:00:00,533.2294831721334
2016-11-27 16:00:00,532.0809231201396
2016-11-27 17:00:00,556.7020575996637
2016-11-27 18:00:00,518.8601269436459
2016-11-27 19:00:00,506.5217071341338
2016-11-27 20:00:00,526.8258045395019
2016-11-27 21:00:00,492.40728616162056
2016-11-27 22:00:00,500.5582375974265
2016-11-27 23:00:00,473.3787632889315
2016-11-28 00:00:00,451.73655529539974
2016-11-28 01:00:00,473.3255673182859
2016-11-28 02:00:00,508.96848376577407
2016-11-28 03:00:00,475.37066611190073
2016-11-28 04:00:00,446.13679435413627
2016-11-28 05:00:00,485.9787667483005
2016-11-28 06:00:00,517.5986266505157
2016-11-28 07:00:00,524.5189830744723
2016-11-28 08:00:00,569.9803989177059
2016-11-28 09:00:00,561.83709293093
2016-11-28 10:00:00,564.8703740084152
2016-11-28 11:00:00,598.6203165185881
2016-11-28 12:00:00,541.6951969872032
2016-11-28 13:00:00,587.1399218710409
2016-11-28 14:00:00,578.670895229294
2016-11-28 15:00:00,597.4510009909956
2016-11-28 16:00:00,536.7970442035447
2016-11-28 17:00:00,571.891762576606
2016-11-28 18:00:00,553.4977937086499
2016-11-28 19:00:00,532.4992632778193
2016-11-28 20:00:00,529.1927620226637
2016-11-28 21:00:00,510.97146795767316
2016-11-28 22:00:00,485.17704790692636
2016-11-28 23:00:00,475.1458869995091
2016-11-29 00:00:00,491.97552917747544
2016-11-29 01:00:00,474.30259301945864
2016-11-29 02:00:00,498.53349908326754
2016-11-29 03:00:00,454.5469315788937
2016-11-29 04:00:00,468.49203774492764
2016-11-29 05:00:00,511.490838653376
2016-11-29 06:00:00,526.8987887020209
2016-11-29 07:00:00,594.8070072353438
2016-11-29 08:00:00,548.8130543944532
2016-11-29 09:00:00,594.7519795447873
2016-11-29 10:00:00,572.2249191927376
2016-11-29 11:00:00,617.4825992085509
2016-11-29 12:00:00,606.4310803212519
2016-11-29 13:00:00,656.509322486915
2016-11-29 14:00:00,609.5535635208747
2016-11-29 15:00:00,644.4585006779041
2016-11-29 16:00:00,616.0589919373558
2016-11-29 17:00:00,591.4305495669608
2016-11-29 18:00:00,567.3538462784641
2016-11-29 19:00:00,534.6569805599873
2016-11-29 20:00:00,513.2360854004314
2016-11-29 21:00:00,516.0173718529211
2016-11-29 22:00:00,490.9492952493499
2016-11-29 23:00:00,495.03775588271395
2016-11-30 00:00:00,491.417316759635
2016-11-30 01:00:00,477.43897514981825
2016-11-30 02:00:00,471.3848331131167
2016-11-30 03:00:00,440.3849297250687
2016-11-30 04:00:00,482.3715374266296
2016-11-30 05:00:00,464.60421079686705
2016-11-30 06:00:00,489.50939085346107
2016-11-30 07:00:00,512.1138065785
2016-11-30 08:00:00,536.379155517071
2016-11-30 09:00:00,564.7575841522763
2016-11-30 10:00:00,587.8404338086151
2016-11-30 11:00:00,571.5897423135375
2016-11-30 12:00:00,578.5946388702805
2016-11-30 13:00:00,587.8681845603921
2016-11-30 14:00:00,589.3193378008993
2016-11-30 15:00:00,620.9790928754448
2016-11-30 16:00:00,533.6871591355628
2016-11-30 17:00:00,580.0914522419862
2016-11-30 18:00:00,548.399944122129
2016-11-30 19:00:00,517.884017404913
2016-11-30 20:00:00,506.05023792102327
2016-11-30 21:00:00,485.57095447564564
2016-11-30 22:00:00,513.8370271361757
2016-11-30 23:00:00,493.2298213880849
2016-12-01 00:00:00,499.53449375336896
2016-12-01 01:00:00,501.67080358766145
2016-12-01 02:00:00,440.1499290239977
2016-12-01 03:00:00,493.02265860547016
2016-12-01 04:00:00,442.4275110147255
2016-12-01 05:00:00,477.6180568197902
2016-12-01 06:00:00,461.72752588827774
2016-12-01 07:00:00,508.4067059321927
2016-12-01 08:00:00,537.7292138889011
2016-12-01 09:00:00,532.7408790885921
2016-12-01 10:00:00,529.5220951364947
2016-12-01 11:00:00,536.9314175901459
2016-12-01 12:00:00,617.9885459495846
2016-12-01 13:00:00,609.8352925906006
2016-12-01 14:00:00,557.1961461763502
2016-12-01 15:00:00,581.3419954048242
2016-12-01 16:00:00,532.3786881162295
2016-12-01 17:00:00,556.6858499123164
2016-12-01 18:00:00,524.7306018123642
2016-12-01 19:00:00,507.4280402881257
2016-12-01 20:00:00,497.4732061448492
2016-12-01 21:00:00,485.11372750573315
2016-12-01 22:00:00,484.64639122396613
2016-12-01 23:00:00,491.07487130974
2016-12-02 00:00:00,444.1574622583622
2016-12-02 01:00:00,442.2250105832054
2016-12-02 02:00:00,431.62022142256086
2016-12-02 03:00:00,441.52595566292354
2016-12-02 04:00:00,446.3814937713243
2016-12-02 05:00:00,435.141481989975
2016-12-02 06:00:00,472.8738464535122
2016-12-02 07:00:00,461.8137766101489
2016-12-02 08:00:00,488.5571072153597
2016-12-02 09:00:00,526.7559264335383
2016-12-02 10:00:00,557.5003973056042
2016-12-02 11:00:00,534.4012837033958
2016-12-02 12:00:00,587.780467289183
2016-12-02 13:00:00,585.9116105845118
2016-12-02 14:00:00,525.196277315154
2016-12-02 15:00:00,550.0456075279192
2016-12-02 16:00:00,494.4450115067122
2016-12-02 17:00:00,524.8622339941063
2016-12-02 18:00:00,548.2320745753957
2016-12-02 19:00:00,511.7266891666772
2016-12-02 20:00:00,462.3012455631505
2016-12-02 21:00:00,499.9232663505064
2016-12-02 22:00:00,484.59514730023704
2016-12-02 23:00:00,453.89198635887846
2016-12-03 00:00:00,439.01279180745775
2016-12-03 01:00:00,441.6252051380829
2016-12-03 02:00:00,420.2539085991841
2016-12-03 03:00:00,465.4088734903884
2016-12-03 04:00:00,443.855887094895
2016-12-03 05:00:00,480.61206338861206
2016-12-03 06:00:00,522.4456090856486
2016-12-03 07:00:00,498.1365060674907
2016-12-03 08:00:00,524.3934079173475
2016-12-03 09:00:00,529.0181379250353
2016-12-03 10:00:00,598.7257079948721
2016-12-03 11:00:00,626.212339072802
2016-12-03 12:00:00,593.3852801555909
2016-12-03 13:00:00,585.7039543428211
2016-12-03 14:00:00,569.4135414693578
2016-12-03 15:00:00,572.2818374718522
2016-12-03 16:00:00,541.4180362095657
2016-12-03 17:00:00,582.1127573095348
2016-12-03 18:00:00,520.8930028530507
2016-12-03 19:00:00,573.1529703308319
2016-12-03 20:00:00,513.2466923914396
2016-12-03 21:00:00,507.5473450451191
2016-12-03 22:00:00,509.14120623640713
2016-12-03 23:00:00,487.8073406739258
2016-12-04 00:00:00,475.3346379327463
2016-12-04 01:00:00,475.70234097217883
2016-12-04 02:00:00,481.7945297547453
2016-12-04 03:00:00,466.07523185298385
2016-12-04 04:00:00,482.59314742175815
2016-12-04 05:00:00,517.2699011532709
2016-12-04 06:00:00,470.31824973473937
2016-12-04 07:00:00,482.49843597747974
2016-12-04 08:00:00,521.1641379360254
2016-12-04 09:00:00,564.0880337883284
2016-12-04 10:00:00,530.7928771236514
2016-12-04 11:00:00,571.4475410540459
2016-12-04 12:00:00,573.6631401458047
2016-12-04 13:00:00,557.5491185330978
2016-12-04 14:00:00,551.9636238764218
2016-12-04 15:00:00,545.1422244265817
2016-12-04 16:00:00,552.3300362467687
2016-12-04 17:00:00,509.7258775124609
2016-12-04 18:00:00,555.6145404547746
2016-12-04 19:00:00,524.1324716106452
2016-12-04 20:00:00,476.1744243871863
2016-12-04 21:00:00,541.4418957395404
2016-12-04 22:00:00,492.73123085241764
2016-12-04 23:00:00,503.2214393164593
2016-12-05 00:00:00,482.5751986735846
2016-12-05 01:00:00,458.5969539586662
2016-12-05 02:00:00,493.49982051465037
2016-12-05 03:00:00,517.0565010557405
2016-12-05 04:00:00,524.2280355918277
2016-12-05 05:00:00,570.9505078420589
2016-12-05 06:00:00,474.47303934328085
2016-12-05 07:00:00,553.6616810204023
2016-12-05 08:00:00,542.7407804092053
2016-12-05 09:00:00,570.0731125542133
2016-12-05 10:00:00,534.16675191889
2016-12-05 11:00:00,540.8150324705547
2016-12-05 12:00:00,584.9591334163083
2016-12-05 13:00:00,563.8877633171315
2016-12-05 14:00:00,510.0687950665584
2016-12-05 15:00:00,555.8134490121382
2016-12-05 16:00:00,579.3689932416785
2016-12-05 17:00:00,616.9807855499184
2016-12-05 18:00:00,515.5555712670296
2016-12-05 19:00:00,564.9476564838089
2016-12-05 20:00:00,549.636121424933
2016-12-05 21:00:00,506.8596659361986
2016-12-05 22:00:00,500.12835725914624
2016-12-05 23:00:00,462.55649543394884
2016-12-06 00:00:00,480.9536922746718
2016-12-06 01:00:00,437.1186650524113
2016-12-06 02:00:00,509.45509495778447
2016-12-06 03:00:00,479.58906169353213
2016-12-06 04:00:00,484.25659674327625
2016-12-06 05:00:00,483.0459186921771
2016-12-06 06:00:00,429.64000867601413
2016-12-06 07:00:00,481.73309550189913
2016-12-06 08:00:00,498.1400830655419
2016-12-06 09:00:00,497.729864551821
2016-12-06 10:00:00,542.8731366241702
2016-12-06 11:00:00,505.29589543459963
2016-12-06 12:00:00,569.2300471704201
2016-12-06 13:00:00,549.4849445444978
2016-12-06 14:00:00,549.7376812650319
2016-12-06 15:00:00,534.3617104221529
2016-12-06 16:00:00,569.0609220688475
2016-12-06 17:00:00,564.3312316000815
2016-12-06 18:00:00,477.00274969978796
2016-12-06 19:00:00,486.8625474622006
2016-12-06 20:00:00,459.2233055994864
2016-12-06 21:00:00,454.9871508313286
2016-12-06 22:00:00,525.0926089658672
2016-12-06 23:00:00,465.9756840501463
2016-12-07 00:00:00,420.36793299808966
2016-12-07 01:00:00,472.57221590868426
2016-12-07 02:00:00,439.74134693978976
2016-12-07 03:00:00,417.8073481078665
2016-12-07 04:00:00,447.04797369016455
2016-12-07 05:00:00,466.43184825458536
2016-12-07 06:00:00,455.6000645538879
2016-12-07 07:00:00,478.9381798529141
2016-12-07 08:00:00,498.8680625433892
2016-12-07 09:00:00,572.193399629338
2016-12-07 10:00:00,632.2996945454502
2016-12-07 11:00:00,657.227616257369
2016-12-07 12:00:00,644.9139004620691
2016-12-07 13:00:00,608.3518066496077
2016-12-07 14:00:00,613.7196242422928
2016-12-07 15:00:00,630.8600455368775
2016-12-07 16:00:00,599.6471577185816
2016-12-07 17:00:00,561.8193915902581
2016-12-07 18:00:00,570.7751263835302
2016-12-07 19:00:00,530.5627007506637
2016-12-07 20:00:00,498.79217560015593
2016-12-07 21:00:00,499.73136950510116
2016-12-07 22:00:00,485.1961700043485
2016-12-07 23:00:00,492.3056539421699
2016-12-08 00:00:00,467.8701257066223
2016-12-08 01:00:00,477.422117168476
2016-12-08 02:00:00,501.6804617317497
2016-12-08 03:00:00,462.06266046477157
2016-12-08 04:00:00,516.3024372458025
2016-12-08 05:00:00,483.52685212940725
2016-12-08 06:00:00,509.02447440766906
2016-12-08 07:00:00,550.1199244991556
2016-12-08 08:00:00,587.6214208779181
2016-12-08 09:00:00,626.3012631121029
2016-12-08 10:00:00,604.4018971564695
2016-12-08 11:00:00,592.9949169728386
2016-12-08 12:00:00,641.2257604558882
2016-12-08 13:00:00,650.6008345027979
2016-12-08 14:00:00,626.5253040211728
2016-12-08 15:00:00,635.67629575496
2016-12-08 16:00:00,600.3805715112557
2016-12-08 17:00:00,572.8013318860609
2016-12-08 18:00:00,505.32389440361936
2016-12-08 19:00:00,482.52244421189204
2016-12-08 20:00:00,499.57132645469557
2016-12-08 21:00:00,476.7241410610958
2016-12-08 22:00:00,422.0024105742395
2016-12-08 23:00:00,462.57558089521035
2016-12-09 00:00:00,491.72448405189976
2016-12-09 01:00:00,438.7906947122761
2016-12-09 02:00:00,445.40807896893193
2016-12-09 03:00:00,496.27852748624304
2016-12-09 04:00:00,449.074349321856
2016-12-09 05:00:00,450.50597205980483
2016-12-09 06:00:00,429.85883396665076
2016-12-09 07:00:00,496.5731890708252
2016-12-09 08:00:00,520.4633958544881
2016-12-09 09:00:00,530.6469108694758
2016-12-09 10:00:00,465.4018364494394
2016-12-09 11:00:00,492.2391887744887
2016-12-09 12:00:00,495.948754583031
2016-12-09 13:00:00,502.7160770902075
2016-12-09 14:00:00,509.8559509800475
2016-12-09 15:00:00,482.1734875333136
2016-12-09 16:00:00,554.2507801455232
2016-12-09 17:00:00,541.0780495874043
2016-12-09 18:00:00,511.23299567820925
2016-12-09 19:00:00,479.697969101468
2016-12-09 20:00:00,470.5489381415436
2016-12-09 21:00:00,506.1736523450222
2016-12-09 22:00:00,452.0787841326141
2016-12-09 23:00:00,456.75964321130914
2016-12-10 00:00:00,542.8081529794645
2016-12-10 01:00:00,500.25520820906496
2016-12-10 02:00:00,526.2214476264085
2016-12-10 03:00:00,498.6317797137781
2016-12-10 04:00:00,471.4441646605617
2016-12-10 05:00:00,550.5739475303724
2016-12-10 06:00:00,533.3616465853714
2016-12-10 07:00:00,538.004458779371
2016-12-10 08:00:00,560.2831865849934
2016-12-10 09:00:00,552.629224760417
2016-12-10 10:00:00,518.1898203893362
2016-12-10 11:00:00,572.7952856360105
2016-12-10 12:00:00,564.1794171677153
2016-12-10 13:00:00,579.9389324979832
2016-12-10 14:00:00,596.2345750006269
2016-12-10 15:00:00,579.2977771306122
2016-12-10 16:00:00,526.9165533295716
2016-12-10 17:00:00,560.2143731822589
2016-12-10 18:00:00,578.9718449672597
2016-12-10 19:00:00,576.7660441875714
2016-12-10 20:00:00,506.23113927967336
2016-12-10 21:00:00,472.7965252487404
2016-12-10 22:00:00,550.5450554510826
2016-12-10 23:00:00,478.7742798661168
2016-12-11 00:00:00,571.29347719158
2016-12-11 01:00:00,529.1749577596722
2016-12-11 02:00:00,535.786875633172
2016-12-11 03:00:00,570.772140329585
2016-12-11 04:00:00,502.8284084907984
2016-12-11 05:00:00,615.0694507283771
2016-12-11 06:00:00,618.4402223726522
2016-12-11 07:00:00,545.7023707295607
2016-12-11 08:00:00,562.8667822143942
2016-12-11 09:00:00,592.8629303145586
2016-12-11 10:00:00,650.2382012944582
2016-12-11 11:00:00,589.1368679479524
2016-12-11 12:00:00,610.4991273026033
2016-12-11 13:00:00,648.7802731678913
2016-12-11 14:00:00,624.3962256844478
2016-12-11 15:00:00,647.577468282821
2016-12-11 16:00:00,583.9718600622826
2016-12-11 17:00:00,594.6060246849391
2016-12-11 18:00:00,581.0221964225908
2016-12-11 19:00:00,590.8980031774228
2016-12-11 20:00:00,602.7012803436818
2016-12-11 21:00:00,548.0189602699534
2016-12-11 22:00:00,553.9071100872777
2016-12-11 23:00:00,583.5314609731295
2016-12-12 00:00:00,530.2657066255866
2016-12-12 01:00:00,570.7644438738939
2016-12-12 02:00:00,578.2551240201084
2016-12-12 03:00:00,563.811894498583
2016-12-12 04:00:00,569.7854725558833
2016-12-12 05:00:00,544.7655610642121
2016-12-12 06:00:00,608.6348963182363
2016-12-12 07:00:00,592.0034968541129
2016-12-12 08:00:00,615.9347728054798
2016-12-12 09:00:00,579.5429861912671
2016-12-12 10:00:00,633.2802053846901
2016-12-12 11:00:00,620.5798750149436
2016-12-12 12:00:00,609.5460098566225
2016-12-12 13:00:00,656.313260301863
2016-12-12 14:00:00,625.8031848034502
2016-12-12 15:00:00,593.363214741557
2016-12-12 16:00:00,632.5971004975721
2016-12-12 17:00:00,602.7346662173475
2016-12-12 18:00:00,601.6171721645627
2016-12-12 19:00:00,623.782246669499
2016-12-12 20:00:00,602.3937001490815
2016-12-12 21:00:00,566.3661437054438
2016-12-12 22:00:00,545.6382683475213
2016-12-12 23:00:00,418.101608364536
2016-12-13 00:00:00,284.29077618216814
2016-12-13 01:00:00,399.13007454210333
2016-12-13 02:00:00,467.23085535275584
2016-12-13 03:00:00,344.71914206925493
2016-12-13 04:00:00,436.9517279788495
2016-12-13 05:00:00,450.7540846771595
2016-12-13 06:00:00,448.92910402519277
2016-12-13 07:00:00,398.2817224848209
2016-12-13 08:00:00,421.08019871964444
2016-12-13 09:00:00,447.6088846290637
2016-12-13 10:00:00,464.1699439886283
2016-12-13 11:00:00,493.10751226293684
2016-12-13 12:00:00,517.7384430597137
2016-12-13 13:00:00,482.72760075294383
2016-12-13 14:00:00,439.3025331201405
2016-12-13 15:00:00,374.23320960599006
2016-12-13 16:00:00,470.0372585271791
2016-12-13 17:00:00,435.1138933732157
2016-12-13 18:00:00,448.6181435261176
2016-12-13 19:00:00,480.4879542515493
2016-12-13 20:00:00,446.8141811269854
2016-12-13 21:00:00,464.45456456891054
2016-12-13 22:00:00,460.7314907441899
2016-12-13 23:00:00,409.99435096415897
2016-12-14 00:00:00,437.270190835622
2016-12-14 01:00:00,452.78736581012754
2016-12-14 02:00:00,447.2415160974329
2016-12-14 03:00:00,392.12354788254174
2016-12-14 04:00:00,429.51711082708425
2016-12-14 05:00:00,457.4446010665393
2016-12-14 06:00:00,489.5291977408943
2016-12-14 07:00:00,435.77279848619736
2016-12-14 08:00:00,516.2803449430253
2016-12-14 09:00:00,469.5575389788761
2016-12-14 10:00:00,532.8612976392042
2016-12-14 11:00:00,516.2589392184017
2016-12-14 12:00:00,558.5873946813806
2016-12-14 13:00:00,524.8710208350093
2016-12-14 14:00:00,513.0594561352135
2016-12-14 15:00:00,568.0490154233684
2016-12-14 16:00:00,519.1110683539852
2016-12-14 17:00:00,544.7459722303188
2016-12-14 18:00:00,551.665647903797
2016-12-14 19:00:00,451.7339698951704
2016-12-14 20:00:00,501.481396504141
2016-12-14 21:00:00,516.5842635510959
2016-12-14 22:00:00,521.4892817712424
2016-12-14 23:00:00,508.021557203056
2016-12-15 00:00:00,547.3322972257808
2016-12-15 01:00:00,507.8798643497068
2016-12-15 02:00:00,499.13911501286645
2016-12-15 03:00:00,534.9575701537997
2016-12-15 04:00:00,510.5242504343118
2016-12-15 05:00:00,529.9755247773649
2016-12-15 06:00:00,556.4609937763371
2016-12-15 07:00:00,556.777079653014
2016-12-15 08:00:00,553.1155063018097
2016-12-15 09:00:00,618.6168900323893
2016-12-15 10:00:00,525.5720335355799
2016-12-15 11:00:00,532.5423423027534
2016-12-15 12:00:00,609.0991572735528
2016-12-15 13:00:00,559.4578616260839
2016-12-15 14:00:00,549.2490852441443
2016-12-15 15:00:00,564.8952821831951
2016-12-15 16:00:00,600.2144875211225
2016-12-15 17:00:00,575.9360766707795
2016-12-15 18:00:00,516.0199845302062
2016-12-15 19:00:00,561.1388149851031
2016-12-15 20:00:00,558.9233264396062
2016-12-15 21:00:00,519.7731012195461
2016-12-15 22:00:00,448.39312428433686
2016-12-15 23:00:00,610.7791495710924
2016-12-16 00:00:00,492.36638390121186
2016-12-16 01:00:00,547.8381859867695
2016-12-16 02:00:00,479.443753908113
2016-12-16 03:00:00,517.582199088025
2016-12-16 04:00:00,477.676431005633
2016-12-16 05:00:00,484.55964110709937
2016-12-16 06:00:00,477.25797459306926
2016-12-16 07:00:00,570.9252694357934
2016-12-16 08:00:00,535.9527188124696
2016-12-16 09:00:00,544.7624448169414
2016-12-16 10:00:00,566.3985373538857
2016-12-16 11:00:00,497.41998143167444
2016-12-16 12:00:00,501.1530595829841
2016-12-16 13:00:00,501.37027658473716
2016-12-16 14:00:00,513.9968225649758
2016-12-16 15:00:00,536.1769200824483
2016-12-16 16:00:00,519.5950506678921
2016-12-16 17:00:00,548.8468373119764
2016-12-16 18:00:00,533.1079421916063
2016-12-16 19:00:00,448.0948196728546
2016-12-16 20:00:00,537.0600142187209
2016-12-16 21:00:00,543.1164181428386
2016-12-16 22:00:00,524.1156927410279
2016-12-16 23:00:00,584.414099669093
2016-12-17 00:00:00,567.173036081927
2016-12-17 01:00:00,600.2076281490795
2016-12-17 02:00:00,605.0574289846395
2016-12-17 03:00:00,711.1000276888082
2016-12-17 04:00:00,670.2732514294298
2016-12-17 05:00:00,686.7150994672569
2016-12-17 06:00:00,630.5593952471517
2016-12-17 07:00:00,636.7935824027567
2016-12-17 08:00:00,629.3028616601881
2016-12-17 09:00:00,606.2779188353879
2016-12-17 10:00:00,640.7784098697056
2016-12-17 11:00:00,612.5775935505548
2016-12-17 12:00:00,676.2818060550309
2016-12-17 13:00:00,614.687456576294
2016-12-17 14:00:00,561.9561599109694
2016-12-17 15:00:00,651.3683811119395
2016-12-17 16:00:00,628.9415014563607
2016-12-17 17:00:00,620.6069993869246
2016-12-17 18:00:00,579.7120978028095
2016-12-17 19:00:00,622.062554936306
2016-12-17 20:00:00,645.608045009951
2016-12-17 21:00:00,646.0710125106369
2016-12-17 22:00:00,632.7861406849632
2016-12-17 23:00:00,689.8862652409807
2016-12-18 00:00:00,708.3694350035531
2016-12-18 01:00:00,700.7700180429971
2016-12-18 02:00:00,706.646860710506
2016-12-18 03:00:00,702.4638733052194
2016-12-18 04:00:00,689.7323721567584
2016-12-18 05:00:00,668.7568809003434
2016-12-18 06:00:00,747.5307402008341
2016-12-18 07:00:00,674.7681027324761
2016-12-18 08:00:00,672.9500312815559
2016-12-18 09:00:00,683.9619220449177
2016-12-18 10:00:00,665.4185813162402
2016-12-18 11:00:00,681.4927377487073
2016-12-18 12:00:00,636.1336854076012
2016-12-18 13:00:00,644.9258815234397
2016-12-18 14:00:00,627.2665242293809
2016-12-18 15:00:00,599.6429027793071
2016-12-18 16:00:00,655.076130763672
2016-12-18 17:00:00,597.722001274272
2016-12-18 18:00:00,681.5269585101227
2016-12-18 19:00:00,627.5224821701471
2016-12-18 20:00:00,614.1844213521534
2016-12-18 21:00:00,645.8362662142218
2016-12-18 22:00:00,668.9398642945016
2016-12-18 23:00:00,704.3772732177583
2016-12-19 00:00:00,654.4024979741472
2016-12-19 01:00:00,686.1083304007947
2016-12-19 02:00:00,729.3319561673333
2016-12-19 03:00:00,758.7236360764713
2016-12-19 04:00:00,698.6020596994388
2016-12-19 05:00:00,681.042894189615
2016-12-19 06:00:00,649.7404247798178
2016-12-19 07:00:00,700.7889354936045
2016-12-19 08:00:00,661.4986895130339
2016-12-19 09:00:00,675.2073606529743
2016-12-19 10:00:00,633.3891388251615
2016-12-19 11:00:00,641.8758055080524
2016-12-19 12:00:00,688.8754630178701
2016-12-19 13:00:00,590.1648649635625
2016-12-19 14:00:00,628.3953288118494
2016-12-19 15:00:00,588.4944126408213
2016-12-19 16:00:00,619.0570824173122
2016-12-19 17:00:00,589.9416291283475
2016-12-19 18:00:00,575.9958302672642
2016-12-19 19:00:00,562.6266883212318
2016-12-19 20:00:00,579.0428563879949
2016-12-19 21:00:00,562.9867452521689
2016-12-19 22:00:00,572.7831850150184
2016-12-19 23:00:00,594.5450792287446
2016-12-20 00:00:00,598.7558619276233
2016-12-20 01:00:00,590.5556499543268
2016-12-20 02:00:00,539.7398201383344
2016-12-20 03:00:00,578.9905803939505
2016-12-20 04:00:00,598.2118905106232
2016-12-20 05:00:00,630.7803210898946
2016-12-20 06:00:00,492.6597278048484
2016-12-20 07:00:00,562.9135685712952
2016-12-20 08:00:00,603.0301322120592
2016-12-20 09:00:00,512.3618544290483
2016-12-20 10:00:00,524.8243614610701
2016-12-20 11:00:00,551.4732778988364
2016-12-20 12:00:00,512.5973959361972
2016-12-20 13:00:00,496.7392160800808
2016-12-20 14:00:00,503.49762156968825
2016-12-20 15:00:00,500.90191090100285
2016-12-20 16:00:00,514.3592514873457
2016-12-20 17:00:00,463.37768926395535
2016-12-20 18:00:00,524.1023653793502
2016-12-20 19:00:00,529.9927228891037
2016-12-20 20:00:00,560.479180157898
2016-12-20 21:00:00,514.9424369019083
2016-12-20 22:00:00,493.1392330450985
2016-12-20 23:00:00,449.85288777454565
2016-12-21 00:00:00,485.18573500121363
2016-12-21 01:00:00,547.7356456329372
2016-12-21 02:00:00,459.33605104362374
2016-12-21 03:00:00,510.9511161100279
2016-12-21 04:00:00,560.1873316303984
2016-12-21 05:00:00,553.9234224484508
2016-12-21 06:00:00,576.1765955470693
2016-12-21 07:00:00,545.1563637118744
2016-12-21 08:00:00,580.8520138338428
2016-12-21 09:00:00,563.6977772555166
2016-12-21 10:00:00,534.5962570191763
2016-12-21 11:00:00,619.5140002048445
2016-12-21 12:00:00,515.0035102991944
2016-12-21 13:00:00,574.5104284156263
2016-12-21 14:00:00,572.7686702986466
2016-12-21 15:00:00,527.324273098127
2016-12-21 16:00:00,525.8014551244509
2016-12-21 17:00:00,530.7885488489725
2016-12-21 18:00:00,528.3454231915237
2016-12-21 19:00:00,536.2553387244078
2016-12-21 20:00:00,550.8245978215239
2016-12-21 21:00:00,564.6421278818965
2016-12-21 22:00:00,477.34500789342337
2016-12-21 23:00:00,606.1059047923262
2016-12-22 00:00:00,479.34730084814765
2016-12-22 01:00:00,531.7958854739808
2016-12-22 02:00:00,478.6336275199561
2016-12-22 03:00:00,503.6074261259034
2016-12-22 04:00:00,568.9504801381125
2016-12-22 05:00:00,542.6268087285364
2016-12-22 06:00:00,479.9470143334268
2016-12-22 07:00:00,540.5794694964958
2016-12-22 08:00:00,583.8639869271964
2016-12-22 09:00:00,579.1219331873184
2016-12-22 10:00:00,528.2679021637078
2016-12-22 11:00:00,585.7353325893266
2016-12-22 12:00:00,555.5828133871908
2016-12-22 13:00:00,547.8811311784158
2016-12-22 14:00:00,563.5882385404389
2016-12-22 15:00:00,556.2077975277937
2016-12-22 16:00:00,495.5482357824792
2016-12-22 17:00:00,501.59211664575105
2016-12-22 18:00:00,525.0759204287149
2016-12-22 19:00:00,505.90390061529314
2016-12-22 20:00:00,458.28070980007357
2016-12-22 21:00:00,517.9827389469391
2016-12-22 22:00:00,466.9681417505757
2016-12-22 23:00:00,480.5205095489589
2016-12-23 00:00:00,480.72586388883093
2016-12-23 01:00:00,449.5957469922035
2016-12-23 02:00:00,471.74005599505864
2016-12-23 03:00:00,468.6137194649291
2016-12-23 04:00:00,490.8719426818693
2016-12-23 05:00:00,494.63483181088
2016-12-23 06:00:00,542.980752353666
2016-12-23 07:00:00,523.0760385660701
2016-12-23 08:00:00,553.2745482915625
2016-12-23 09:00:00,512.1689252066838
2016-12-23 10:00:00,454.3226717263567
2016-12-23 11:00:00,511.74201917812314
2016-12-23 12:00:00,487.31344825524775
2016-12-23 13:00:00,485.43128064486217
2016-12-23 14:00:00,532.0290502979366
2016-12-23 15:00:00,561.8924255806783
2016-12-23 16:00:00,447.9513281689506
2016-12-23 17:00:00,527.2385434231705
2016-12-23 18:00:00,517.5444556726508
2016-12-23 19:00:00,428.2751500017547
2016-12-23 20:00:00,427.5756536013109
2016-12-23 21:00:00,459.36865823095644
2016-12-23 22:00:00,456.29446695166854
2016-12-23 23:00:00,498.05477706687293
2016-12-24 00:00:00,490.9125488411529
2016-12-24 01:00:00,573.6147923349697
2016-12-24 02:00:00,574.0016328536743
2016-12-24 03:00:00,620.5253013508203
2016-12-24 04:00:00,595.7536056139969
2016-12-24 05:00:00,553.3014633263431
2016-12-24 06:00:00,685.7888490036444
2016-12-24 07:00:00,616.7496435123708
2016-12-24 08:00:00,645.5342310359242
2016-12-24 09:00:00,607.0812283718543
2016-12-24 10:00:00,623.2269420302741
2016-12-24 11:00:00,610.9991927924395
2016-12-24 12:00:00,601.532792983562
2016-12-24 13:00:00,625.6793687446147
2016-12-24 14:00:00,589.4322308914105
2016-12-24 15:00:00,627.880858060266
2016-12-24 16:00:00,588.2224140680629
2016-12-24 17:00:00,578.8605921366259
2016-12-24 18:00:00,582.5132462160913
2016-12-24 19:00:00,564.3489939343824
2016-12-24 20:00:00,615.9023767406669
2016-12-24 21:00:00,586.1497829030362
2016-12-24 22:00:00,545.9334925877038
2016-12-24 23:00:00,577.9988987853487
2016-12-25 00:00:00,607.6649695199847
2016-12-25 01:00:00,692.6821198009412
2016-12-25 02:00:00,626.6429323014947
2016-12-25 03:00:00,649.0800505357274
2016-12-25 04:00:00,647.1444735291662
2016-12-25 05:00:00,731.643859130726
2016-12-25 06:00:00,669.1994620771111
2016-12-25 07:00:00,707.4150926081721
2016-12-25 08:00:00,720.2134407362175
2016-12-25 09:00:00,657.8515194632304
2016-12-25 10:00:00,682.1892936319525
2016-12-25 11:00:00,521.3530505293916
2016-12-25 12:00:00,560.1700731648502
2016-12-25 13:00:00,552.5045781487804
2016-12-25 14:00:00,580.1309394417945
2016-12-25 15:00:00,591.297247131004
2016-12-25 16:00:00,528.3340102024559
2016-12-25 17:00:00,573.5544383971298
2016-12-25 18:00:00,569.7425216798853
2016-12-25 19:00:00,555.6268095438188
2016-12-25 20:00:00,483.1217424027751
2016-12-25 21:00:00,457.6200465691131
2016-12-25 22:00:00,514.5283547532803
2016-12-25 23:00:00,503.8226736093486
2016-12-26 00:00:00,570.0515317052007
2016-12-26 01:00:00,634.3385063316317
2016-12-26 02:00:00,533.0250260678146
2016-12-26 03:00:00,615.534117551708
2016-12-26 04:00:00,547.1150865101865
2016-12-26 05:00:00,577.3150650205351
2016-12-26 06:00:00,563.7157594491221
2016-12-26 07:00:00,612.0764077573988
2016-12-26 08:00:00,581.2127271934617
2016-12-26 09:00:00,546.6247470905436
2016-12-26 10:00:00,507.77491967644835
2016-12-26 11:00:00,550.0156394597129
2016-12-26 12:00:00,573.2873666759955
2016-12-26 13:00:00,565.6527788612361
2016-12-26 14:00:00,511.5688513031974
2016-12-26 15:00:00,546.8249493239149
2016-12-26 16:00:00,523.6793341943386
2016-12-26 17:00:00,512.8533767648729
2016-12-26 18:00:00,474.8326786753677
2016-12-26 19:00:00,435.7611816224042
2016-12-26 20:00:00,448.0123073348255
2016-12-26 21:00:00,431.161896154449
2016-12-26 22:00:00,505.0803113911678
2016-12-26 23:00:00,461.3179769370225
2016-12-27 00:00:00,450.1451760886142
2016-12-27 01:00:00,454.380013546697
2016-12-27 02:00:00,429.3960209543283
2016-12-27 03:00:00,440.1387306726741
2016-12-27 04:00:00,460.63218986943957
2016-12-27 05:00:00,430.75813748409234
2016-12-27 06:00:00,478.88040506055165
2016-12-27 07:00:00,413.7243486243003
2016-12-27 08:00:00,415.4280831332391
2016-12-27 09:00:00,429.71856196662367
2016-12-27 10:00:00,437.77455449146663
2016-12-27 11:00:00,415.20550261311575
2016-12-27 12:00:00,431.33626400659773
2016-12-27 13:00:00,462.08804060724185
2016-12-27 14:00:00,378.09541431315284
2016-12-27 15:00:00,397.6632683936369
2016-12-27 16:00:00,353.23627876623993
2016-12-27 17:00:00,380.8343407262731
2016-12-27 18:00:00,417.7785584367107
2016-12-27 19:00:00,372.2621798940255
2016-12-27 20:00:00,323.59010188494625
2016-12-27 21:00:00,301.32748341418477
2016-12-27 22:00:00,335.1225317356018
2016-12-27 23:00:00,297.4644889159188
2016-12-28 00:00:00,336.1613600249422
2016-12-28 01:00:00,354.40671756380385
2016-12-28 02:00:00,369.02536689027045
2016-12-28 03:00:00,454.33351745162753
2016-12-28 04:00:00,366.23778088783956
2016-12-28 05:00:00,398.84559310270845
2016-12-28 06:00:00,478.16283418375457
2016-12-28 07:00:00,422.5163761587038
2016-12-28 08:00:00,416.98651912169646
2016-12-28 09:00:00,449.323357578241
2016-12-28 10:00:00,490.47811371285917
2016-12-28 11:00:00,401.44514787695806
2016-12-28 12:00:00,431.17562241853756
2016-12-28 13:00:00,451.5911428369829
2016-12-28 14:00:00,471.38637542649855
2016-12-28 15:00:00,408.0683101820043
2016-12-28 16:00:00,453.11179653314343
2016-12-28 17:00:00,445.11705286391305
2016-12-28 18:00:00,434.76364389982047
2016-12-28 19:00:00,376.4678650418343
2016-12-28 20:00:00,379.8768744899635
2016-12-28 21:00:00,390.84716530740457
2016-12-28 22:00:00,373.28178912618665
2016-12-28 23:00:00,405.2280925301554
2016-12-29 00:00:00,398.5007133081813
2016-12-29 01:00:00,441.4163387869689
2016-12-29 02:00:00,441.58129182522885
2016-12-29 03:00:00,447.1162315032851
2016-12-29 04:00:00,475.7347144268021
2016-12-29 05:00:00,399.59274146572926
2016-12-29 06:00:00,456.7181971551234
2016-12-29 07:00:00,500.96610348186465
2016-12-29 08:00:00,425.61035302440087
2016-12-29 09:00:00,480.6576260927572
2016-12-29 10:00:00,485.53969304206976
2016-12-29 11:00:00,460.7317405878419
2016-12-29 12:00:00,481.6330377085994
2016-12-29 13:00:00,479.9551814720403
2016-12-29 14:00:00,484.6298938316634
2016-12-29 15:00:00,524.7643314054135
2016-12-29 16:00:00,473.67742064223796
2016-12-29 17:00:00,504.7786133301048
2016-12-29 18:00:00,462.026147910547
2016-12-29 19:00:00,504.75019693098153
2016-12-29 20:00:00,476.84561626046496
2016-12-29 21:00:00,506.0640897415244
2016-12-29 22:00:00,470.560231819703
2016-12-29 23:00:00,463.04054151783464
2016-12-30 00:00:00,471.4815157669288
2016-12-30 01:00:00,459.467387764863
2016-12-30 02:00:00,466.6452224235577
2016-12-30 03:00:00,455.5960829221632
2016-12-30 04:00:00,514.0339396645411
2016-12-30 05:00:00,461.88214791988963
2016-12-30 06:00:00,521.6904871220075
2016-12-30 07:00:00,535.7194846426684
2016-12-30 08:00:00,435.3674245528979
2016-12-30 09:00:00,515.0329320156754
2016-12-30 10:00:00,512.977575080069
2016-12-30 11:00:00,497.21161902643775
2016-12-30 12:00:00,512.8306745283962
2016-12-30 13:00:00,531.1243549872333
2016-12-30 14:00:00,542.0862681699558
2016-12-30 15:00:00,502.4566590032655
2016-12-30 16:00:00,534.0852675754809
2016-12-30 17:00:00,513.3187805931866
2016-12-30 18:00:00,436.7567738821115
2016-12-30 19:00:00,516.8795684196728
2016-12-30 20:00:00,515.646241425878
2016-12-30 21:00:00,513.9156707543125
2016-12-30 22:00:00,537.538139339803
2016-12-30 23:00:00,502.4267495749587
2016-12-31 00:00:00,535.9768372982645
2016-12-31 01:00:00,503.5167559988826
2016-12-31 02:00:00,507.89350577392685
2016-12-31 03:00:00,565.3411116749309
2016-12-31 04:00:00,611.3600174385889
2016-12-31 05:00:00,541.3342760460255
2016-12-31 06:00:00,582.4431522392473
2016-12-31 07:00:00,582.2986834233769
2016-12-31 08:00:00,578.2681804260714
2016-12-31 09:00:00,610.3444000456848
2016-12-31 10:00:00,553.8783228688069
2016-12-31 11:00:00,553.7168076968737
2016-12-31 12:00:00,575.5975060022914
2016-12-31 13:00:00,576.4243057167481
2016-12-31 14:00:00,643.0570929605915
2016-12-31 15:00:00,626.931850733027
2016-12-31 16:00:00,596.1144072751025
2016-12-31 17:00:00,601.8466094721098
2016-12-31 18:00:00,640.6589772825678
2016-12-31 19:00:00,636.0911997034679
2016-12-31 20:00:00,640.5853796007171
2016-12-31 21:00:00,655.7875578150494
2016-12-31 22:00:00,619.5530019732392
2016-12-31 23:00:00,670.9516716855129
